Experiment_ID,Pipeline_Name,Dataset,N_Total,N_Benign,N_Malignant,Feature_Count,Threshold,TP,TN,FP,FN,Accuracy,Balanced_Accuracy,Sensitivity,Specificity,Precision,F1,ROC_AUC,CV_Mean_Balanced_Accuracy,CV_STD_Balanced_Accuracy,Runtime,Notes
EXP0,Frozen V5 baseline (17 original features),"development (GroupKFold(5) OOF), n=2090, SPLIT2 (shuffled order + new LR seed)",2089,1451,638,17,0.25,492,977,474,146,0.7032,0.7222,0.7712,0.6733,0.5093,0.6135,0.8008,0.7226,0.0078,0.142,"Sanity-gate reproduction check (SPLIT2 still uses the frozen, un-refit V5 feature DEFINITIONS -- reproducing V5's own historical OOF numbers exactly is NOT expected here since the CV partition itself has changed; this row instead shows how much EXP0's OWN performance naturally varies across splits, which is the baseline noise floor for judging every other delta below."
EXP1,Primary-component-consistent features (A_value_pc + color group _pc),"development (GroupKFold(5) OOF), n=2090, SPLIT2 (shuffled order + new LR seed)",2089,1451,638,17,0.25,493,981,470,145,0.7056,0.7244,0.7727,0.6761,0.5119,0.6159,0.8014,0.7247,0.0066,0.079,
EXP1a,EXP0 + A_value_pc only (isolate asymmetry fix),"development (GroupKFold(5) OOF), n=2090, SPLIT2 (shuffled order + new LR seed)",2089,1451,638,17,0.35,413,1163,288,225,0.7544,0.7244,0.6473,0.8015,0.5892,0.6169,0.8013,0.7247,0.0248,0.078,
EXP1b,EXP0 + color-group _pc only (isolate color fix),"development (GroupKFold(5) OOF), n=2090, SPLIT2 (shuffled order + new LR seed)",2089,1451,638,17,0.35,413,1161,290,225,0.7535,0.7237,0.6473,0.8001,0.5875,0.616,0.801,0.724,0.023,0.065,
EXP2,EXP1 minus 4 weak/near-chance features,"development (GroupKFold(5) OOF), n=2090, SPLIT2 (shuffled order + new LR seed)",2089,1451,638,13,0.3,454,1085,366,184,0.7367,0.7297,0.7116,0.7478,0.5537,0.6228,0.8019,0.73,0.0108,0.054,
EXP2_minus_eccentricity_only,EXP1 minus eccentricity only,"development (GroupKFold(5) OOF), n=2090, SPLIT2 (shuffled order + new LR seed)",2089,1451,638,16,0.3,452,1087,364,186,0.7367,0.7288,0.7085,0.7491,0.5539,0.6217,0.8016,0.7291,0.0118,0.061,
EXP2_minus_dark_fraction_pc_only,EXP1 minus dark_fraction_pc only,"development (GroupKFold(5) OOF), n=2090, SPLIT2 (shuffled order + new LR seed)",2089,1451,638,16,0.3,450,1085,366,188,0.7348,0.7265,0.7053,0.7478,0.5515,0.619,0.8016,0.7269,0.0135,0.054,
EXP2_minus_bluegray_fraction_pc_only,EXP1 minus bluegray_fraction_pc only,"development (GroupKFold(5) OOF), n=2090, SPLIT2 (shuffled order + new LR seed)",2089,1451,638,16,0.35,413,1168,283,225,0.7568,0.7261,0.6473,0.805,0.5934,0.6192,0.8026,0.7264,0.0227,0.048,
EXP2_minus_D_px_only,EXP1 minus D_px (raw pixels) only,"development (GroupKFold(5) OOF), n=2090, SPLIT2 (shuffled order + new LR seed)",2089,1451,638,16,0.3,451,1080,371,187,0.7329,0.7256,0.7069,0.7443,0.5487,0.6178,0.8002,0.726,0.0151,0.057,
EXP3A,EXP2 + both lesion_fraction & D_px_normalized (baseline),"development (GroupKFold(5) OOF), n=2090, SPLIT2 (shuffled order + new LR seed)",2089,1451,638,13,0.3,454,1085,366,184,0.7367,0.7297,0.7116,0.7478,0.5537,0.6228,0.8019,0.73,0.0108,0.094,
EXP3B,EXP2 + lesion_fraction only (drop D_px_normalized),"development (GroupKFold(5) OOF), n=2090, SPLIT2 (shuffled order + new LR seed)",2089,1451,638,12,0.25,488,997,454,150,0.7109,0.726,0.7649,0.6871,0.518,0.6177,0.7996,0.7263,0.0173,0.069,
EXP3C,EXP2 + D_px_normalized only (drop lesion_fraction),"development (GroupKFold(5) OOF), n=2090, SPLIT2 (shuffled order + new LR seed)",2089,1451,638,12,0.35,425,1159,292,213,0.7583,0.7325,0.6661,0.7988,0.5927,0.6273,0.8031,0.7327,0.0135,0.085,
EXP3D,EXP2 + neither lesion_fraction nor D_px_normalized,"development (GroupKFold(5) OOF), n=2090, SPLIT2 (shuffled order + new LR seed)",2089,1451,638,11,0.3,434,1042,409,204,0.7066,0.6992,0.6803,0.7181,0.5148,0.5861,0.7654,0.6995,0.0227,0.096,
EXP4a,EXP3C + color_entropy_pc only (no channel entropy),"development (GroupKFold(5) OOF), n=2090, SPLIT2 (shuffled order + new LR seed)",2089,1451,638,12,0.35,425,1159,292,213,0.7583,0.7325,0.6661,0.7988,0.5927,0.6273,0.8031,0.7327,0.0135,0.074,
EXP4b,EXP3C + entropy_L/a/b replacing color_entropy_pc,"development (GroupKFold(5) OOF), n=2090, SPLIT2 (shuffled order + new LR seed)",2089,1451,638,14,0.3,460,1085,366,178,0.7396,0.7344,0.721,0.7478,0.5569,0.6284,0.8016,0.7348,0.0096,0.092,
EXP4c,EXP3C + color_entropy_pc AND entropy_L/a/b together,"development (GroupKFold(5) OOF), n=2090, SPLIT2 (shuffled order + new LR seed)",2089,1451,638,15,0.35,427,1156,295,211,0.7578,0.733,0.6693,0.7967,0.5914,0.6279,0.802,0.7333,0.0126,0.172,
EXP4_frac_none,EXP4b fraction-group test: none,"development (GroupKFold(5) OOF), n=2090, SPLIT2 (shuffled order + new LR seed)",2089,1451,638,13,0.35,423,1163,288,215,0.7592,0.7323,0.663,0.8015,0.5949,0.6271,0.8016,0.7325,0.01,0.094,
EXP4_frac_red,EXP4b fraction-group test: red,"development (GroupKFold(5) OOF), n=2090, SPLIT2 (shuffled order + new LR seed)",2089,1451,638,14,0.3,460,1085,366,178,0.7396,0.7344,0.721,0.7478,0.5569,0.6284,0.8016,0.7348,0.0096,0.087,
EXP4_frac_bluegray,EXP4b fraction-group test: bluegray,"development (GroupKFold(5) OOF), n=2090, SPLIT2 (shuffled order + new LR seed)",2089,1451,638,14,0.35,421,1161,290,217,0.7573,0.73,0.6599,0.8001,0.5921,0.6242,0.8005,0.7302,0.0083,0.071,
EXP4_frac_dark,EXP4b fraction-group test: dark,"development (GroupKFold(5) OOF), n=2090, SPLIT2 (shuffled order + new LR seed)",2089,1451,638,14,0.35,423,1164,287,215,0.7597,0.7326,0.663,0.8022,0.5958,0.6276,0.8012,0.7329,0.0101,0.092,
EXP4_frac_red+bluegray,EXP4b fraction-group test: red+bluegray,"development (GroupKFold(5) OOF), n=2090, SPLIT2 (shuffled order + new LR seed)",2089,1451,638,15,0.3,461,1079,372,177,0.7372,0.7331,0.7226,0.7436,0.5534,0.6268,0.8006,0.7334,0.0069,0.103,
EXP4_frac_red+dark,EXP4b fraction-group test: red+dark,"development (GroupKFold(5) OOF), n=2090, SPLIT2 (shuffled order + new LR seed)",2089,1451,638,15,0.3,460,1085,366,178,0.7396,0.7344,0.721,0.7478,0.5569,0.6284,0.8015,0.7347,0.0075,0.123,
EXP4_frac_bluegray+dark,EXP4b fraction-group test: bluegray+dark,"development (GroupKFold(5) OOF), n=2090, SPLIT2 (shuffled order + new LR seed)",2089,1451,638,15,0.35,421,1161,290,217,0.7573,0.73,0.6599,0.8001,0.5921,0.6242,0.8003,0.7302,0.0091,0.091,
EXP4_frac_red+bluegray+dark,EXP4b fraction-group test: red+bluegray+dark,"development (GroupKFold(5) OOF), n=2090, SPLIT2 (shuffled order + new LR seed)",2089,1451,638,16,0.3,461,1079,372,177,0.7372,0.7331,0.7226,0.7436,0.5534,0.6268,0.8005,0.7334,0.0069,0.119,
EXP4,Best combined EXP4 config (EXP4b entropy + 'red' fractions),"development (GroupKFold(5) OOF), n=2090, SPLIT2 (shuffled order + new LR seed)",2089,1451,638,14,0.3,460,1085,366,178,0.7396,0.7344,0.721,0.7478,0.5569,0.6284,0.8016,0.7348,0.0096,0.095,
EXP5_single_A_value_pc,Best EXP4 config with single A_value_pc (baseline),"development (GroupKFold(5) OOF), n=2090, SPLIT2 (shuffled order + new LR seed)",2089,1451,638,14,0.3,460,1085,366,178,0.7396,0.7344,0.721,0.7478,0.5569,0.6284,0.8016,0.7348,0.0096,0.086,
EXP5_split_major_minor,Best EXP4 config with separate major/minor asymmetry,"development (GroupKFold(5) OOF), n=2090, SPLIT2 (shuffled order + new LR seed)",2089,1451,638,15,0.35,421,1158,293,217,0.7559,0.729,0.6599,0.7981,0.5896,0.6228,0.8017,0.7292,0.0114,0.096,
EXP5,Best EXP5 config (EXP5_single_A_value_pc),"development (GroupKFold(5) OOF), n=2090, SPLIT2 (shuffled order + new LR seed)",2089,1451,638,14,0.3,460,1085,366,178,0.7396,0.7344,0.721,0.7478,0.5569,0.6284,0.8016,0.7348,0.0096,0.073,
EXP6_without_fractal,"Best EXP5 config, no border_fractal_dimension","development (GroupKFold(5) OOF), n=2090, SPLIT2 (shuffled order + new LR seed)",2089,1451,638,14,0.3,460,1085,366,178,0.7396,0.7344,0.721,0.7478,0.5569,0.6284,0.8016,0.7348,0.0096,0.07,
EXP6_with_fractal,Best EXP5 config + border_fractal_dimension,"development (GroupKFold(5) OOF), n=2090, SPLIT2 (shuffled order + new LR seed)",2088,1450,638,15,0.35,417,1163,287,221,0.7567,0.7278,0.6536,0.8021,0.5923,0.6215,0.8012,0.7291,0.0511,0.076,
EXP6,Best EXP6 config (EXP6_without_fractal),"development (GroupKFold(5) OOF), n=2090, SPLIT2 (shuffled order + new LR seed)",2089,1451,638,14,0.3,460,1085,366,178,0.7396,0.7344,0.721,0.7478,0.5569,0.6284,0.8016,0.7348,0.0096,0.079,
FINAL,SPLIT2 final candidate (cascade of best sub-variants),"development (GroupKFold(5) OOF), n=2090, SPLIT2 (shuffled order + new LR seed)",2089,1451,638,14,0.3,460,1085,366,178,0.7396,0.7344,0.721,0.7478,0.5569,0.6284,0.8016,0.7348,0.0096,0.072,"NOT run on locked test set. Development-only, SPLIT2 stability check."
