selection_group,image_id,pred_class,ground_truth_label,v5_proba,v5_pred,lesion_area_px,B_circularity,lesion_fraction,D_px_normalized
FN_high_confidence_wrong,ISIC_9881460,FN,malignant,0.061671,0,300266.0,0.209,0.0376,0.2843591583177826
FN_high_confidence_wrong,ISIC_2185005,FN,malignant,0.069145,0,93253.0,0.221,0.0117,0.157037858145389
FN_high_confidence_wrong,ISIC_1776777,FN,malignant,0.083249,0,634807.0,0.176,0.0794,0.3645938648448703
FN_high_confidence_wrong,ISIC_6688417,FN,malignant,0.085592,0,113415.0,0.165,0.0142,0.1604340361994456
FN_high_confidence_wrong,ISIC_2077116,FN,malignant,0.091423,0,232538.0,0.129,0.0291,0.20918334201705
FN_high_confidence_wrong,ISIC_3210975,FN,malignant,0.102651,0,26539.0,0.171,0.0983,0.4124205422911227
FN_near_threshold,ISIC_3511086,FN,malignant,0.24661,0,40420.0,0.219,0.1497,0.5225019936166113
FN_near_threshold,ISIC_8344345,FN,malignant,0.246381,0,226595.0,0.316,0.0284,0.2490530572974856
FN_near_threshold,ISIC_6792899,FN,malignant,0.245549,0,860975.0,0.191,0.1078,0.4269632597334309
FN_near_threshold,ISIC_4730066,FN,malignant,0.243468,0,37918.0,0.128,0.0076,0.1153512577390176
FP_high_confidence_wrong,ISIC_8059373,FP,benign,0.947928,1,5247689.0,0.619,0.6568,1.3056182006563926
FP_high_confidence_wrong,ISIC_6435029,FP,benign,0.926624,1,126406.0,0.506,0.4682,1.0807997039229795
FP_high_confidence_wrong,ISIC_7476613,FP,benign,0.886404,1,866373.0,0.632,0.1084,0.6309462041052069
FP_high_confidence_wrong,ISIC_2775534,FP,benign,0.864629,1,182167.0,0.414,0.6747,1.246306781090672
FP_high_confidence_wrong,ISIC_6604109,FP,benign,0.855577,1,6421085.0,0.538,0.8036,1.337386616203714
FP_high_confidence_wrong,ISIC_2686432,FP,benign,0.78789,1,92306.0,0.454,0.3419,0.8845006123985066
FP_near_threshold,ISIC_5188621,FP,benign,0.250011,1,30914.0,0.244,0.1145,0.4291637000976218
FP_near_threshold,ISIC_3999304,FP,benign,0.250167,1,86041.0,0.201,0.3187,0.7207255860383828
FP_near_threshold,ISIC_8152488,FP,benign,0.250198,1,424166.0,0.282,0.0531,0.3447474493414769
FP_near_threshold,ISIC_6583245,FP,benign,0.252147,1,82936.0,0.325,0.3072,0.7846190158287014
TP_representative,ISIC_7092052,TP,malignant,0.980568,1,3460899.0,0.832,0.4331,1.1223307163015244
TP_representative,ISIC_6212007,TP,malignant,0.965764,1,207392.0,0.445,0.7681,1.3871802467729406
TP_representative,ISIC_1605945,TP,malignant,0.90361,1,7156616.0,0.233,0.8957,1.39317591611254
TP_representative,ISIC_7181296,TP,malignant,0.538506,1,369367.0,0.196,0.0736,0.3587316978292358
TP_representative,ISIC_4296407,TP,malignant,0.53822,1,143355.0,0.307,0.5309,0.9493562926374748
TP_representative,ISIC_7662910,TP,malignant,0.525522,1,680403.0,0.406,0.0852,0.4310669748820827
TN_representative,ISIC_0786784,TN,benign,0.017307,0,121213.0,0.386,0.0152,0.2261996091420629
TN_representative,ISIC_8003201,TN,benign,0.028114,0,190711.0,0.25,0.0239,0.2328858346859869
TN_representative,ISIC_3958338,TN,benign,0.029939,0,137926.0,0.213,0.0173,0.1980396327771767
TN_representative,ISIC_8431340,TN,benign,0.115324,0,257889.0,0.143,0.0323,0.2245368969697644
TN_representative,ISIC_5118254,TN,benign,0.115735,0,111801.0,0.241,0.014,0.1613184575676895
TN_representative,ISIC_3831079,TN,benign,0.116122,0,403557.0,0.267,0.0505,0.3286156035847079
Unusual_small_lesion_area,ISIC_5171808,TN,benign,0.076019,0,1977.0,0.182,0.0073,0.115662503927655
Unusual_small_lesion_area,ISIC_1887299,FN,malignant,0.140066,0,3497.0,0.145,0.013,0.1454922678357856
Unusual_small_lesion_area,ISIC_3758135,TN,benign,0.058175,0,4414.0,0.17,0.0217,0.2035517346934762
Unusual_small_lesion_area,ISIC_8544988,TN,benign,0.196541,0,6992.0,0.324,0.0259,0.2399852618931544
Unusual_lesionfraction_vs_Dpxnorm_divergence,ISIC_4969084,FP,benign,0.58164,1,24283.0,0.657,0.0899,0.7035975280524239
Unusual_lesionfraction_vs_Dpxnorm_divergence,ISIC_1212149,TN,benign,0.064427,0,242996.0,0.394,0.0304,0.330490576885385
Unusual_lesionfraction_vs_Dpxnorm_divergence,ISIC_6441975,TN,benign,0.049068,0,290817.0,0.378,0.0364,0.3534147787502672
Unusual_high_Bcircularity_predicted_benign,ISIC_6685424,TN,benign,0.066651,0,46173.0,0.53,0.171,0.5569505596782589
Unusual_high_Bcircularity_predicted_benign,ISIC_4615762,FN,malignant,0.107772,0,595450.0,0.479,0.0745,0.4539911767469649
Unusual_high_Bcircularity_predicted_benign,ISIC_5212679,TN,benign,0.102535,0,159848.0,0.45,0.02,0.2065300779123183
