Feature,ABCD_Group,FN_Median,TP_Median,TP_vs_FN_AUC_equiv,FN_Unusually_High_Percent,FN_Unusually_Low_Percent,Concern
lesion_fraction,Other,0.065,0.3204,0.8417,0.0,30.0,"Near-duplicate of D_px_normalized. Possible photo-framing/zoom confound rather than true lesion size -- a strong-looking pattern may reflect photography, not biology."
D_px_normalized,D,0.3649,0.785,0.838,0.0,30.0,"Near-duplicate of lesion_fraction (rho=0.989, prior audit). Any pattern seen here should be cross-checked against lesion_fraction before treating it as independent evidence."
turning_angle_std,B,0.2414,0.346,0.7724,2.5,27.5,
C_value,C,0.3135,0.395,0.7663,0.0,22.5,
color_entropy,C,1.1831,1.6782,0.7467,0.0,22.5,
lab_a_std,C,2.8794,3.9929,0.7416,2.5,25.0,
B_circularity,B,0.2335,0.338,0.7307,2.5,20.0,"Univariate direction is correct, but the multivariate model coefficient is sign-flipped (multicollinearity with excluded isoperimetric_ratio/solidity). Do not read a raw group difference here as evidence the model 'uses' this feature correctly."
solidity,B,0.9621,0.9214,0.2936,7.5,0.0,
A_value,A,0.1535,0.1955,0.6805,0.0,10.0,"Prior audit found segmentation-sensitivity risks (edge-clamped crop, small-mask PCA instability) that a population-level pattern cannot distinguish from genuine asymmetry -- check case-level flags against known small/edge-adjacent lesions."
lab_b_std,C,4.8693,6.0121,0.6696,5.0,20.0,
red_fraction,C,0.0,0.0003,0.6288,5.0,0.0,Both class medians are ~0 in the prior audit; any AUC/percentile signal is concentrated in a sparse minority of cases.
skin_contrast,C,36.033,35.4749,0.4166,20.0,7.5,"Prior audit found a reproducible but clinically counter-intuitive direction (lower in malignant) across two independent cohorts -- treat direction findings here as confirmatory of a real (if unexplained) pattern, not a new anomaly."
dark_fraction,C,0.0,0.0,0.5635,22.5,0.0,"~90%+ of values are exactly 0 in the prior audit; step-function internal floor (0.12). Any nonzero-driven pattern is likely a handful of cases, not a population-level shift."
D_px,D,559.3,578.2,0.5504,2.5,12.5,"Never a physical measurement (raw pixels, framing/zoom-sensitive) -- an apparent group pattern may reflect image resolution/framing rather than diameter."
confidence,Other,0.8584,0.8276,0.4647,12.5,5.0,Not a clinical ABCD signal by design (YOLO detection confidence) -- expected to be near-chance; a strong pattern here would itself be noteworthy (e.g. errors concentrated in low-confidence detections).
eccentricity,Other,0.708,0.6743,0.4656,7.5,5.0,Chance-level univariate signal on both dev and locked cohorts in the prior audit (AUC ~0.50). Any apparent group pattern here is a strong candidate for POSSIBLE_OUTLIER_DRIVEN_PATTERN rather than real signal.
bluegray_fraction,C,0.0,0.0,0.4945,35.0,0.0,Step-function internal floor (0.15); most values are exactly 0. Same outlier-driven risk as dark_fraction.
