Feature,ABCD_Group,TP_Median,FN_Median,TN_Median,FP_Median,Malignant_Median,Benign_Median,Malignant_Mean,Benign_Mean,Malignant_Std,Benign_Std,Malignant_IQR,Benign_IQR,Malignant_Min,Malignant_Max,Benign_Min,Benign_Max,Benign_vs_Malignant_IQR_Overlap_Fraction,MannWhitney_p_value,Locked_Test_AUC_equivalent,Direction_Expected,Direction_Observed,Potential_Problem,Notes
A_value,A,0.1955,0.1535,0.135,0.17,0.179,0.141,0.193,0.1526,0.0852,0.0658,0.1115,0.08,0.012,0.469,0.002,0.401,0.43,0.0,0.6551,higher,higher_in_malignant,none_observed,
B_circularity,B,0.338,0.2335,0.217,0.31,0.316,0.239,0.3249,0.2541,0.1247,0.0943,0.1708,0.121,0.112,0.832,0.11,0.728,0.31,0.0,0.68,higher,higher_in_malignant,none_observed,
C_value,C,0.395,0.3135,0.3275,0.385,0.36,0.344,0.3783,0.3508,0.119,0.1275,0.1498,0.166,0.149,0.716,0.069,1.066,0.82,0.01836,0.5659,higher,higher_in_malignant,large_IQR_overlap(0.82),
D_px,D,578.2,559.3,535.55,506.0,578.2,527.7,928.2029,673.8291,878.1646,537.5185,711.35,396.3,75.6,4034.7,60.1,4078.6,0.56,0.0063,0.5763,higher,higher_in_malignant,large_IQR_overlap(0.56),
confidence,Other,0.8276,0.8584,0.8127,0.8363,0.8365,0.8163,0.7698,0.7659,0.1684,0.1623,0.2007,0.1873,0.2582,0.9347,0.2546,0.9467,0.81,0.46038,0.5206,not_abcd,higher_in_malignant,no_significant_benign_vs_malignant_difference(Mann-Whitney p>=0.05); large_IQR_overlap(0.81); near_chance_locked_test_AUC; not_a_clinical_ABCD_signal_by_design,
lesion_fraction,Other,0.3204,0.065,0.0276,0.2299,0.1682,0.0393,0.2659,0.1171,0.2497,0.1728,0.3116,0.1123,0.0076,0.9863,0.0033,0.9978,0.24,0.0,0.7451,not_abcd,higher_in_malignant,not_a_clinical_ABCD_signal_by_design,
color_entropy,C,1.6782,1.1831,1.2433,1.4296,1.5652,1.3111,1.4931,1.2693,0.5108,0.4592,0.7116,0.6539,0.0119,2.8077,0.1178,2.6028,0.46,0.0,0.638,higher,higher_in_malignant,none_observed,
lab_a_std,C,3.9929,2.8794,2.874,3.9632,3.7968,3.0606,3.8168,3.2349,1.3358,1.1547,1.614,1.4332,1.32,9.8803,0.8701,10.12,0.35,0.0,0.6379,higher,higher_in_malignant,none_observed,
lab_b_std,C,6.0121,4.8693,4.532,5.0309,5.8239,4.7038,5.9474,4.9017,1.9754,1.5148,2.5431,1.8891,2.3031,12.0795,1.5881,11.5145,0.33,0.0,0.6615,higher,higher_in_malignant,none_observed,
red_fraction,C,0.0003,0.0,0.0,0.0,0.0,0.0,0.05,0.0274,0.1364,0.0949,0.009,0.001,0.0,0.7644,0.0,0.68,0.11,0.00085,0.5791,higher,higher_in_malignant,none_observed,
bluegray_fraction,C,0.0,0.0,0.0,0.0,0.0,0.0,0.0546,0.0388,0.0747,0.0758,0.15,0.0151,0.0,0.31,0.0,0.6732,0.10,0.00992,0.5566,higher,higher_in_malignant,none_observed,
dark_fraction,C,0.0,0.0,0.0,0.0,0.0,0.0,0.058,0.0578,0.1068,0.1243,0.12,0.12,0.0,0.7071,0.0,0.8686,1.00,0.24951,0.5275,higher,higher_in_malignant,no_significant_benign_vs_malignant_difference(Mann-Whitney p>=0.05); large_IQR_overlap(1.00); near_chance_locked_test_AUC,
skin_contrast,C,35.4749,36.033,42.2443,41.1567,35.8024,41.7384,41.0721,44.7263,21.9305,20.1717,31.4205,26.9501,2.2528,112.7983,5.0493,127.0275,0.66,0.01991,0.435,higher (naive prior),lower_in_malignant,large_IQR_overlap(0.66); direction_contradicts_expected_clinical_interpretation,
solidity,B,0.9214,0.9621,0.9694,0.938,0.9304,0.9636,0.9261,0.9542,0.0509,0.0356,0.0662,0.0404,0.7235,1.0,0.7608,1.0,0.23,0.0,0.3233,lower,lower_in_malignant,none_observed,
turning_angle_std,B,0.346,0.2414,0.2164,0.3203,0.3199,0.2397,0.3321,0.262,0.116,0.0941,0.1383,0.1197,0.159,0.785,0.1167,0.6778,0.23,0.0,0.6966,higher,higher_in_malignant,none_observed,
eccentricity,Other,0.6743,0.708,0.6851,0.679,0.6863,0.6833,0.6624,0.6646,0.1503,0.1452,0.1632,0.1832,0.2506,0.9212,0.2037,0.9439,0.89,0.86159,0.5049,unclear,higher_in_malignant,no_significant_benign_vs_malignant_difference(Mann-Whitney p>=0.05); large_IQR_overlap(0.89); near_chance_locked_test_AUC,
D_px_normalized,D,0.785,0.3649,0.2321,0.6872,0.608,0.281,0.669,0.3998,0.3499,0.2894,0.527,0.3372,0.1154,1.4407,0.076,1.4429,0.14,0.0,0.7454,higher,higher_in_malignant,none_observed,
