Feature,ABCD_Group,Outcome_Group,count,mean,median,std,q1,q3,min,max
A_value,A,TP,98,0.20716326530612245,0.1955,0.09331088641336806,0.14475,0.2735,0.012,0.469
A_value,A,TN,340,0.13936470588235295,0.135,0.05081317439064059,0.10075,0.16925,0.039,0.336
A_value,A,FP,137,0.18528467153284672,0.17,0.08491656362581046,0.131,0.235,0.002,0.401
A_value,A,FN,40,0.15839999999999999,0.1535,0.04623618296728889,0.13075,0.1795,0.073,0.26
A_value,A,Malignant,138,0.19302898550724637,0.179,0.08524288544313433,0.13625,0.24775,0.012,0.469
A_value,A,Benign,477,0.15255345911949686,0.141,0.06581543915432443,0.106,0.186,0.002,0.401
A_value,A,All,615,0.16163577235772358,0.148,0.0725603917067614,0.111,0.1985,0.002,0.469
B_circularity,B,TP,98,0.35194897959183674,0.338,0.12751586700938128,0.2515,0.41825,0.112,0.832
B_circularity,B,TN,340,0.2283294117647059,0.217,0.07243650674885863,0.173,0.2655,0.11,0.53
B_circularity,B,FP,137,0.3181240875912409,0.31,0.11082593965681412,0.231,0.385,0.134,0.728
B_circularity,B,FN,40,0.258575,0.2335,0.08829376593261895,0.20224999999999999,0.32025000000000003,0.128,0.479
B_circularity,B,Malignant,138,0.3248840579710145,0.316,0.12465854516511392,0.228,0.39875000000000005,0.112,0.832
B_circularity,B,Benign,477,0.2541194968553459,0.239,0.09434126088636226,0.182,0.303,0.11,0.728
B_circularity,B,All,615,0.2699983739837398,0.247,0.10601965737444524,0.19,0.327,0.11,0.832
C_value,C,TP,98,0.4099795918367347,0.395,0.11808157058225426,0.31675,0.49,0.149,0.716
C_value,C,TN,340,0.32981176470588236,0.3275,0.11293663810723747,0.251,0.40625,0.069,0.675
C_value,C,FP,137,0.4028613138686131,0.385,0.14572260021344302,0.305,0.473,0.161,1.066
C_value,C,FN,40,0.300825,0.3135,0.0796633582083108,0.2495,0.34475,0.157,0.466
C_value,C,Malignant,138,0.3783405797101449,0.36,0.11895061211397451,0.30625,0.456,0.149,0.716
C_value,C,Benign,477,0.3507924528301886,0.344,0.12745820251478018,0.263,0.429,0.069,1.066
C_value,C,All,615,0.35697398373983735,0.348,0.12603045999472437,0.269,0.4335,0.069,1.066
D_px,D,TP,98,1017.9897959183672,578.2,995.5624352973629,421.7,1234.85,183.2,4034.7
D_px,D,TN,340,609.0591176470588,535.55,329.2870063811971,385.425,764.15,60.1,2340.5
D_px,D,FP,137,834.5722627737226,506.0,839.3137808676806,388.8,907.5,134.4,4078.6
D_px,D,FN,40,708.225,559.3,417.0726836674136,423.175,971.9499999999999,75.6,1805.1
D_px,D,Malignant,138,928.2028985507246,578.2,878.1646181860625,421.7,1133.05,75.6,4034.7
D_px,D,Benign,477,673.829140461216,527.7,537.5184791917195,385.5,781.8,60.1,4078.6
D_px,D,All,615,730.9081300813008,535.9,638.2300668822774,392.85,815.05,60.1,4078.6
confidence,Other,TP,98,0.7676255102040817,0.8276,0.16568950611099068,0.696725,0.8929,0.2582,0.9305
confidence,Other,TN,340,0.7693676470588237,0.8126500000000001,0.15302009299991937,0.7067249999999999,0.8798250000000001,0.2559,0.9467
confidence,Other,FP,137,0.7573890510948906,0.8363,0.18364273527007627,0.6369,0.8993,0.2546,0.9342
confidence,Other,FN,40,0.775245,0.85835,0.1769820720313581,0.69505,0.89955,0.2963,0.9347
confidence,Other,Malignant,138,0.7698340579710145,0.8365,0.1684228006550567,0.696725,0.897475,0.2582,0.9347
confidence,Other,Benign,477,0.7659272536687631,0.8163,0.16229900436756328,0.6998,0.8871,0.2546,0.9467
confidence,Other,All,615,0.7668039024390243,0.824,0.16356228196765304,0.6994,0.8892,0.2546,0.9467
lesion_fraction,Other,TP,98,0.3366,0.32045,0.2590582862409599,0.11632500000000001,0.450725,0.0214,0.9863
lesion_fraction,Other,TN,340,0.05229058823529411,0.02765,0.07120791837830223,0.015475,0.050425,0.0033,0.4266
lesion_fraction,Other,FP,137,0.27795620437956203,0.2299,0.23506153758153037,0.0833,0.3953,0.0146,0.9978
lesion_fraction,Other,FN,40,0.09256,0.06495000000000001,0.09354046649335715,0.019875,0.126575,0.0076,0.4414
lesion_fraction,Other,Malignant,138,0.26586376811594203,0.16815,0.24971152668805688,0.0733,0.38487499999999997,0.0076,0.9863
lesion_fraction,Other,Benign,477,0.11710440251572328,0.0393,0.17275803499996092,0.0193,0.1316,0.0033,0.9978
lesion_fraction,Other,All,615,0.15048455284552845,0.0538,0.20225813215997135,0.0215,0.21600000000000003,0.0033,0.9978
color_entropy,C,TP,98,1.6216811963178184,1.6782271382552474,0.45360088974893636,1.3560049530883767,1.9176157402927192,0.2204561410254394,2.8076707429627685
color_entropy,C,TN,340,1.201727626051131,1.2433080238449146,0.4540782698464066,0.878525250680018,1.5509690209177005,0.1241200361986189,2.337701834744025
color_entropy,C,FP,137,1.4368530310537548,1.4296125139498066,0.4293844983443025,1.2090465139443825,1.7603588245781698,0.1178389553167037,2.6027780148270168
color_entropy,C,FN,40,1.1780785843494792,1.1830959689257419,0.5112213248176292,0.8819805602847198,1.5440908456227491,0.0118875547517094,2.0354230036151693
color_entropy,C,Malignant,138,1.4931007290806189,1.5651556561365187,0.5107633027072913,1.1620423573059777,1.8736875574781093,0.0118875547517094,2.8076707429627685
color_entropy,C,Benign,477,1.2692584027499976,1.3110792212909217,0.45919748534151816,0.9617592781501484,1.6156873808066714,0.1178389553167037,2.6027780148270168
color_entropy,C,All,615,1.319486436951015,1.3537111670301607,0.48001408165158876,0.9899202772509164,1.6692123208799738,0.0118875547517094,2.8076707429627685
lab_a_std,C,TP,98,4.112407657564903,3.992877960205078,1.319440591251835,3.2562732696533203,4.678777694702148,1.8252925872802732,9.880314826965332
lab_a_std,C,TN,340,2.943616092730971,2.873995780944824,0.913198068606739,2.259207606315613,3.47062087059021,0.8700585961341858,6.364854335784912
lab_a_std,C,FP,137,3.9578158742319927,3.963193655014038,1.359988733731974,3.0207648277282715,4.626987934112549,1.480746150016785,10.120009422302246
lab_a_std,C,FN,40,3.092571198940277,2.879430890083313,1.086756433518396,2.223092436790466,3.4862744212150574,1.3200476169586182,6.359420299530029
lab_a_std,C,Malignant,138,3.8168028869490693,3.7967878580093384,1.3358450521122378,2.8705708384513855,4.484528183937073,1.3200476169586182,9.880314826965332
lab_a_std,C,Benign,477,3.234906176726023,3.06059193611145,1.1547207630943592,2.435258626937866,3.8684470653533936,0.8700585961341858,10.120009422302246
lab_a_std,C,All,615,3.3654781214589997,3.175960063934326,1.2210191586769494,2.5043691396713257,3.9981287717819214,0.8700585961341858,10.120009422302246
lab_b_std,C,TP,98,6.288490947411985,6.0121071338653564,1.9928395883501275,4.864776849746704,7.195061087608337,2.798935651779175,12.07948398590088
lab_b_std,C,TN,340,4.734735661394456,4.531991481781006,1.4113877908664607,3.728284239768982,5.5571969747543335,2.23418402671814,10.648761749267578
lab_b_std,C,FP,137,5.316076124671602,5.030920505523682,1.6801822381203209,4.084804534912109,6.24640417098999,1.58806574344635,11.51449966430664
lab_b_std,C,FN,40,5.111770194768906,4.869348049163818,1.6796975350467864,3.694640517234802,6.213555932044983,2.303135871887207,8.902154922485352
lab_b_std,C,Malignant,138,5.947412468385005,5.823935508728027,1.975383925321432,4.574174404144287,7.117284059524536,2.303135871887207,12.07948398590088
lab_b_std,C,Benign,477,4.901703467409066,4.703770637512207,1.5147905819710157,3.8190016746521,5.708124160766602,1.58806574344635,11.51449966430664
lab_b_std,C,All,615,5.136350365189033,4.887561798095703,1.6852788119164828,3.928068161010742,6.1125993728637695,1.58806574344635,12.07948398590088
red_fraction,C,TP,98,0.06139398738356461,0.00025076456665055,0.15265218840705813,0.0,0.01589461902825855,0.0,0.7643801099132711
red_fraction,C,TN,340,0.014433890194015676,0.0,0.06350796795828749,0.0,0.000245678429060975,0.0,0.6800079666785013
red_fraction,C,FP,137,0.059451135781750784,0.0,0.14155726446923358,0.0,0.0113351530471355,0.0,0.654520707266506
red_fraction,C,FN,40,0.02196373154849763,0.0,0.07944184553613437,0.0,0.00023353325823814418,0.0,0.4405295637955588
red_fraction,C,Malignant,138,0.04996492772122635,0.0,0.136447472042938,0.0,0.008978064439074077,0.0,0.7643801099132711
red_fraction,C,Benign,477,0.027363371631163917,0.0,0.094939201408424,0.0,0.0010308333147485,0.0,0.6800079666785013
red_fraction,C,All,615,0.032434940314787684,0.0,0.10597563986191702,0.0,0.00229016541315465,0.0,0.7643801099132711
bluegray_fraction,C,TP,98,0.053839692147648895,0.0,0.07209081722496681,0.0,0.15,0.0,0.15
bluegray_fraction,C,TN,340,0.037643598706441135,0.0,0.07893633762757499,0.0,0.0,0.0,0.6732180619480035
bluegray_fraction,C,FP,137,0.04152359098807287,0.0,0.06772539628368855,0.0,0.15,0.0,0.2291538529127493
bluegray_fraction,C,FN,40,0.05663258807853352,0.0,0.08170029301417096,0.0,0.15,0.0,0.3099744826461844
bluegray_fraction,C,Malignant,138,0.054649227200079226,0.0,0.07470924102341604,0.0,0.15,0.0,0.3099744826461844
bluegray_fraction,C,Benign,477,0.03875797804099784,0.0,0.0758364527500283,0.0,0.0150583511105533,0.0,0.6732180619480035
bluegray_fraction,C,All,615,0.04232381931571854,0.0,0.07581529471073671,0.0,0.15,0.0,0.6732180619480035
dark_fraction,C,TP,98,0.06773900596376758,0.0,0.11983170401613445,0.0,0.12,0.0,0.7070848829321918
dark_fraction,C,TN,340,0.057548300021195646,0.0,0.13094836351010583,0.0,0.12,0.0,0.8686029260996997
dark_fraction,C,FP,137,0.05829072515834698,0.0,0.1062777670768079,0.0,0.12,0.0,0.6927104656424401
dark_fraction,C,FN,40,0.03424403943387369,0.0,0.059387541822034165,0.0,0.05756970185682125,0.0,0.2212554244984914
dark_fraction,C,Malignant,138,0.05803032001307371,0.0,0.10678793941362642,0.0,0.12,0.0,0.7070848829321918
dark_fraction,C,Benign,477,0.057761533236687757,0.0,0.12425545109866175,0.0,0.12,0.0,0.8686029260996997
dark_fraction,C,All,615,0.05782184636699875,0.0,0.12047322714865437,0.0,0.12,0.0,0.8686029260996997
skin_contrast,C,TP,98,39.11978729647033,35.47486114501953,21.19623844350456,24.054763793945312,51.55231094360351,2.252848863601685,112.79832458496094
skin_contrast,C,TN,340,45.77086594805998,42.24432945251465,20.05810237117383,30.749706268310547,58.3214054107666,6.977882385253906,127.02745056152344
skin_contrast,C,FP,137,42.13407153804807,41.156681060791016,20.2923770910633,26.67522430419922,54.54761505126953,5.049283981323242,99.92153930664062
skin_contrast,C,FN,40,45.855288696289065,36.03298759460449,23.21621215838845,28.12759876251221,67.4303970336914,17.19131851196289,97.66230010986328
skin_contrast,C,Malignant,138,41.0721065427946,35.80244827270508,21.93048137357243,25.54397964477539,56.96448802947998,2.252848863601685,112.79832458496094
skin_contrast,C,Benign,477,44.7263358973857,41.738407135009766,20.171676091806226,30.201963424682617,57.15206527709961,5.049283981323242,127.02745056152344
skin_contrast,C,All,615,43.90636248123355,40.8094367980957,20.61756684870404,28.098758697509766,57.332618713378906,2.252848863601685,127.02745056152344
solidity,B,TP,98,0.9158749987333312,0.9214186573511036,0.05431257152956405,0.8762924252424942,0.95630184566124,0.7234593514933478,1.0
solidity,B,TN,340,0.9643305090339458,0.9693680188159133,0.023026286787015474,0.9517263686397587,0.9815297877317806,0.8746422068641463,0.9976822147589196
solidity,B,FP,137,0.9290108505155668,0.9380465257976836,0.047092668611659255,0.9078625796613105,0.9629796795431576,0.7608009940737909,1.0
solidity,B,FN,40,0.9511988510419513,0.9620572762173725,0.02942291194333832,0.9247515630768872,0.9757191145557451,0.8898926719754936,0.99090347421012
solidity,B,Malignant,138,0.9261137965039459,0.9303585886012028,0.05092879019896946,0.8989182299114883,0.965069333575381,0.7234593514933478,1.0
solidity,B,Benign,477,0.9541862884531954,0.9635506111199538,0.035597237292472016,0.9389777167317872,0.9793578690398936,0.7608009940737909,1.0
solidity,B,All,615,0.9478870951377539,0.9587009622263326,0.041212529811925164,0.9304115302019316,0.9772572023011452,0.7234593514933478,1.0
turning_angle_std,B,TP,98,0.3612209322302746,0.3459596577599368,0.11529891449939682,0.27462664162640377,0.4171162466419527,0.1666044362474677,0.7849795334779007
turning_angle_std,B,TN,340,0.23127624957371765,0.2163880561249856,0.07146203267641442,0.18158800616852913,0.26086204686025527,0.1167290712798855,0.6076499072218964
turning_angle_std,B,FP,137,0.33816904849666646,0.3203421840419269,0.1003871339846625,0.2706027056825203,0.3832892644805331,0.1720383671207785,0.6777692542668179
turning_angle_std,B,FN,40,0.2606111008915023,0.2413635111470392,0.0828804503237958,0.1986572702556521,0.307603644881942,0.1590208141632887,0.5384025271418104
turning_angle_std,B,Malignant,138,0.3320586622770073,0.3199410672682112,0.11604596139018879,0.2444999504173837,0.3827579259587808,0.1590208141632887,0.7849795334779007
turning_angle_std,B,Benign,477,0.2619771163503297,0.2397371295057768,0.09412960023354387,0.1932176799968544,0.3129636064124723,0.1167290712798855,0.6777692542668179
turning_angle_std,B,All,615,0.27770273153387687,0.252166614749289,0.10358527906212929,0.19975039473842784,0.333382840439318,0.1167290712798855,0.7849795334779007
eccentricity,Other,TP,98,0.6552460385349398,0.6743383174428275,0.1559960172135024,0.5657941283132001,0.7622186713337198,0.2505983916999281,0.8977953998367667
eccentricity,Other,TN,340,0.6654343252796305,0.6851029278943039,0.1451704028203331,0.5821864614044806,0.7627167049330035,0.2037073877094986,0.9336775152568736
eccentricity,Other,FP,137,0.6626580355988172,0.6789544156656923,0.14561727562758636,0.5799046216340246,0.7636159082420901,0.2732122429134037,0.9438506861173944
eccentricity,Other,FN,40,0.6798368606646944,0.7079657346495347,0.13563964519590943,0.6282879601450995,0.7627349689070038,0.2693440162873146,0.9212168426868594
eccentricity,Other,Malignant,138,0.6623738130653035,0.6863329597335954,0.15030808057954664,0.5992250626798621,0.7624244144878811,0.2505983916999281,0.9212168426868594
eccentricity,Other,Benign,477,0.6646369422895436,0.6833312598425301,0.14515123231942198,0.5804033839607337,0.7636159082420901,0.2037073877094986,0.9438506861173944
eccentricity,Other,All,615,0.6641291181709337,0.6833312598425301,0.14620336508966397,0.5835427941695751,0.7629904101515781,0.2037073877094986,0.9438506861173944
D_px_normalized,D,TP,98,0.7815534550694957,0.7850039160081611,0.3308887593027064,0.4863603312400165,1.008727145319141,0.2059640482366422,1.4406813717178462
D_px_normalized,D,TN,340,0.28075770115115234,0.2321075438819322,0.16663379894673586,0.1715865896530013,0.3296047404429519,0.0759894839595169,0.8810365107833689
D_px_normalized,D,FP,137,0.6952987076957698,0.6872392704253846,0.3169879789476417,0.439575787521713,0.8706442059379556,0.1669111272005367,1.4428803970078476
D_px_normalized,D,FN,40,0.3930832398347068,0.36494386393914974,0.21860488050801216,0.20653899119553606,0.4916144617520609,0.1153512577390176,1.1158256202538166
D_px_normalized,D,Malignant,138,0.6689533926826002,0.6080460585015408,0.34987697685483476,0.37876324399516925,0.9057663473136579,0.1153512577390176,1.4406813717178462
D_px_normalized,D,Benign,477,0.39981874495956454,0.2809629802637259,0.2893754262997288,0.1917071757805503,0.5289547319193189,0.0759894839595169,1.4428803970078476
D_px_normalized,D,All,615,0.46020993420473355,0.3410328795948524,0.3238180988430809,0.20888263875184704,0.667898036407532,0.0759894839595169,1.4428803970078476
