Feature,ABCD_Group,TP_Median,TN_Median,FP_Median,FN_Median,TP_vs_FN_Direction,TP_vs_FN_AUC_equiv,TP_vs_FN_p,TN_vs_FP_Direction,TN_vs_FP_AUC_equiv,TN_vs_FP_p,TP_vs_FP_Direction,TN_vs_FN_Direction,Malignant_vs_Benign_Direction,Malignant_vs_Benign_AUC_equiv,FP_Unusually_High_Percent,FP_Unusually_Low_Percent,FN_Unusually_High_Percent,FN_Unusually_Low_Percent,TP_Unusually_High_Percent,TP_Unusually_Low_Percent,TN_Unusually_High_Percent,TN_Unusually_Low_Percent,Zero_Value_Fraction_All,Labels,Main_Pattern,Concern
A_value,A,0.1955,0.135,0.17,0.1535,higher_in_TP,0.6805,0.00091,higher_in_FP,0.3212,0.0,higher_in_TP,higher_in_FN,higher_in_malignant,0.6551,24.1,6.6,0.0,10.0,14.3,9.2,4.4,11.2,0.0,STRONG_CLASS_SEPARATION;STRONG_ERROR_SEPARATION;HIGH_IN_FP;LOW_IN_FN;HIGH_IN_TP,STRONG_CLASS_SEPARATION,"Prior audit found segmentation-sensitivity risks (edge-clamped crop, small-mask PCA instability) that a population-level pattern cannot distinguish from genuine asymmetry -- check case-level flags against known small/edge-adjacent lesions."
B_circularity,B,0.338,0.217,0.31,0.2335,higher_in_TP,0.7307,2e-05,higher_in_FP,0.245,0.0,higher_in_TP,higher_in_FN,higher_in_malignant,0.68,24.8,0.7,2.5,20.0,13.3,5.1,4.1,13.5,0.0,STRONG_CLASS_SEPARATION;STRONG_ERROR_SEPARATION;HIGH_IN_FP;LOW_IN_FN;HIGH_IN_TP,STRONG_CLASS_SEPARATION,"Univariate direction is correct, but the multivariate model coefficient is sign-flipped (multicollinearity with excluded isoperimetric_ratio/solidity). Do not read a raw group difference here as evidence the model 'uses' this feature correctly."
C_value,C,0.395,0.3275,0.385,0.3135,higher_in_TP,0.7663,0.0,higher_in_FP,0.3618,0.0,no_clear_difference,no_clear_difference,higher_in_malignant,0.5659,19.0,0.7,0.0,22.5,14.3,4.1,6.5,13.2,0.0,STRONG_ERROR_SEPARATION;HIGH_IN_FP;LOW_IN_FN;HIGH_IN_TP,STRONG_ERROR_SEPARATION,
D_px,D,578.2,535.55,506.0,559.3,no_clear_difference,0.5504,0.35523,no_clear_difference,0.4786,0.46511,no_clear_difference,no_clear_difference,higher_in_malignant,0.5763,17.5,6.6,2.5,12.5,13.3,8.2,7.1,11.2,0.0,HIGH_VARIABILITY,HIGH_VARIABILITY,"Never a physical measurement (raw pixels, framing/zoom-sensitive) -- an apparent group pattern may reflect image resolution/framing rather than diameter."
confidence,Other,0.8276,0.8127,0.8363,0.8584,no_clear_difference,0.4647,0.51723,no_clear_difference,0.4815,0.52757,no_clear_difference,no_clear_difference,no_clear_difference,0.5206,13.9,12.4,12.5,5.0,9.2,11.2,8.5,8.8,0.0,NO_CLEAR_PATTERN,NO_CLEAR_PATTERN,Not a clinical ABCD signal by design (YOLO detection confidence) -- expected to be near-chance; a strong pattern here would itself be noteworthy (e.g. errors concentrated in low-confidence detections).
lesion_fraction,Other,0.3204,0.0276,0.2299,0.065,higher_in_TP,0.8417,0.0,higher_in_FP,0.1095,0.0,no_clear_difference,higher_in_FN,higher_in_malignant,0.7451,32.8,0.0,0.0,30.0,14.3,1.0,0.9,13.8,0.0,STRONG_CLASS_SEPARATION;STRONG_ERROR_SEPARATION;HIGH_IN_FP;LOW_IN_FN;HIGH_IN_TP;HIGH_VARIABILITY,STRONG_CLASS_SEPARATION,"Near-duplicate of D_px_normalized. Possible photo-framing/zoom confound rather than true lesion size -- a strong-looking pattern may reflect photography, not biology."
color_entropy,C,1.6782,1.2433,1.4296,1.1831,higher_in_TP,0.7467,1e-05,higher_in_FP,0.3492,0.0,higher_in_TP,no_clear_difference,higher_in_malignant,0.638,17.5,4.4,0.0,22.5,14.3,4.1,7.1,12.1,0.0,STRONG_ERROR_SEPARATION;HIGH_IN_FP;LOW_IN_FN;HIGH_IN_TP,STRONG_ERROR_SEPARATION,
lab_a_std,C,3.9929,2.874,3.9632,2.8794,higher_in_TP,0.7416,1e-05,higher_in_FP,0.2603,0.0,no_clear_difference,no_clear_difference,higher_in_malignant,0.6379,23.4,3.6,2.5,25.0,13.3,3.1,4.7,12.4,0.0,STRONG_ERROR_SEPARATION;HIGH_IN_FP;LOW_IN_FN;HIGH_IN_TP,STRONG_ERROR_SEPARATION,
lab_b_std,C,6.0121,4.532,5.0309,4.8693,higher_in_TP,0.6696,0.00182,higher_in_FP,0.3984,0.00051,higher_in_TP,no_clear_difference,higher_in_malignant,0.6615,17.5,4.4,5.0,20.0,12.2,5.1,7.1,12.1,0.0,STRONG_CLASS_SEPARATION;STRONG_ERROR_SEPARATION;HIGH_IN_FP;LOW_IN_FN;HIGH_IN_TP,STRONG_CLASS_SEPARATION,
red_fraction,C,0.0003,0.0,0.0,0.0,higher_in_TP,0.6288,0.01004,higher_in_FP,0.4262,0.00213,no_clear_difference,no_clear_difference,higher_in_malignant,0.5791,19.7,0.0,5.0,0.0,12.2,0.0,6.2,0.0,0.654,HIGH_IN_FP;LOW_IN_FN;HIGH_IN_TP;POSSIBLE_OUTLIER_DRIVEN_PATTERN;HIGH_VARIABILITY,HIGH_IN_FP,Both class medians are ~0 in the prior audit; any AUC/percentile signal is concentrated in a sparse minority of cases.
bluegray_fraction,C,0.0,0.0,0.0,0.0,no_clear_difference,0.4945,0.90672,no_clear_difference,0.4746,0.25519,no_clear_difference,no_clear_difference,higher_in_malignant,0.5566,26.3,0.0,35.0,0.0,35.7,0.0,22.9,0.0,0.715,POSSIBLE_OUTLIER_DRIVEN_PATTERN;HIGH_VARIABILITY,POSSIBLE_OUTLIER_DRIVEN_PATTERN,Step-function internal floor (0.15); most values are exactly 0. Same outlier-driven risk as dark_fraction.
dark_fraction,C,0.0,0.0,0.0,0.0,no_clear_difference,0.5635,0.18786,no_clear_difference,0.459,0.09828,no_clear_difference,no_clear_difference,no_clear_difference,0.5275,32.8,0.0,22.5,0.0,37.8,0.0,29.4,0.0,0.633,POSSIBLE_OUTLIER_DRIVEN_PATTERN;HIGH_VARIABILITY,POSSIBLE_OUTLIER_DRIVEN_PATTERN,"~90%+ of values are exactly 0 in the prior audit; step-function internal floor (0.12). Any nonzero-driven pattern is likely a handful of cases, not a population-level shift."
skin_contrast,C,35.4749,42.2443,41.1567,36.033,no_clear_difference,0.4166,0.12547,no_clear_difference,0.548,0.10061,no_clear_difference,no_clear_difference,higher_in_benign,0.435,8.8,17.5,20.0,7.5,6.1,10.2,10.6,6.8,0.0,NO_CLEAR_PATTERN,NO_CLEAR_PATTERN,"Prior audit found a reproducible but clinically counter-intuitive direction (lower in malignant) across two independent cohorts -- treat direction findings here as confirmatory of a real (if unexplained) pattern, not a new anomaly."
solidity,B,0.9214,0.9694,0.938,0.9621,higher_in_FN,0.2936,0.00015,higher_in_TN,0.7509,0.0,higher_in_FP,higher_in_TN,higher_in_benign,0.3233,5.8,27.0,7.5,0.0,11.2,13.3,11.8,2.9,0.0,STRONG_CLASS_SEPARATION;STRONG_ERROR_SEPARATION;LOW_IN_FP;HIGH_IN_TN;HIGH_IN_FN,STRONG_CLASS_SEPARATION,
turning_angle_std,B,0.346,0.2164,0.3203,0.2414,higher_in_TP,0.7724,0.0,higher_in_FP,0.1699,0.0,no_clear_difference,higher_in_FN,higher_in_malignant,0.6966,26.3,0.0,2.5,27.5,13.3,2.0,3.5,13.8,0.0,STRONG_CLASS_SEPARATION;STRONG_ERROR_SEPARATION;HIGH_IN_FP;LOW_IN_FN;HIGH_IN_TP,STRONG_CLASS_SEPARATION,
eccentricity,Other,0.6743,0.6851,0.679,0.708,no_clear_difference,0.4656,0.52791,no_clear_difference,0.5087,0.76762,no_clear_difference,no_clear_difference,no_clear_difference,0.5049,10.9,11.7,7.5,5.0,11.2,11.2,9.7,9.1,0.0,NO_CLEAR_PATTERN,NO_CLEAR_PATTERN,Chance-level univariate signal on both dev and locked cohorts in the prior audit (AUC ~0.50). Any apparent group pattern here is a strong candidate for POSSIBLE_OUTLIER_DRIVEN_PATTERN rather than real signal.
D_px_normalized,D,0.785,0.2321,0.6872,0.3649,higher_in_TP,0.838,0.0,higher_in_FP,0.1105,0.0,no_clear_difference,higher_in_FN,higher_in_malignant,0.7454,32.1,0.0,0.0,30.0,14.3,1.0,1.2,13.8,0.0,STRONG_CLASS_SEPARATION;STRONG_ERROR_SEPARATION;HIGH_IN_FP;LOW_IN_FN;HIGH_IN_TP,STRONG_CLASS_SEPARATION,"Near-duplicate of lesion_fraction (rho=0.989, prior audit). Any pattern seen here should be cross-checked against lesion_fraction before treating it as independent evidence."
