Image_ID,Ground_Truth,Prediction,Prediction_Score,Asymmetry_Features,Border_Features,Color_Features,Diameter_Features,Mask_Quality_Human,Visual_Asymmetry_Human,Visual_Border_Irregularity_Human,Visual_Color_Variation_Human,Visual_Diameter_Human,Feature_Matches_Visual_Human,Likely_Failure_Source_Human,Notes_Human
ISIC_9881460,malignant,LOWER,0.061671,A_value=0.081,"B_circularity=0.209, solidity=0.977, turning_angle_std=0.175","C_value=0.199, color_entropy=0.68, lab_a_std=1.71, lab_b_std=4.78, red_fraction=0.0000, bluegray_fraction=0.0000, dark_fraction=0.0000, skin_contrast=17.4","D_px=803.8, D_px_normalized=0.284",,,,,,,,
ISIC_2185005,malignant,LOWER,0.069145,A_value=0.150,"B_circularity=0.221, solidity=0.977, turning_angle_std=0.200","C_value=0.166, color_entropy=1.42, lab_a_std=2.09, lab_b_std=6.18, red_fraction=0.0000, bluegray_fraction=0.1500, dark_fraction=0.0000, skin_contrast=29.2","D_px=443.9, D_px_normalized=0.157",,,,,,,,
ISIC_1776777,malignant,LOWER,0.083249,A_value=0.095,"B_circularity=0.176, solidity=0.976, turning_angle_std=0.236","C_value=0.308, color_entropy=0.98, lab_a_std=3.46, lab_b_std=5.03, red_fraction=0.0000, bluegray_fraction=0.0000, dark_fraction=0.0006, skin_contrast=90.4","D_px=1030.6, D_px_normalized=0.365",,,,,,,,
ISIC_6688417,malignant,LOWER,0.085592,A_value=0.117,"B_circularity=0.165, solidity=0.985, turning_angle_std=0.171","C_value=0.292, color_entropy=1.80, lab_a_std=1.99, lab_b_std=5.16, red_fraction=0.0000, bluegray_fraction=0.0000, dark_fraction=0.0000, skin_contrast=35.5","D_px=453.5, D_px_normalized=0.160",,,,,,,,
ISIC_2077116,malignant,LOWER,0.091423,A_value=0.073,"B_circularity=0.129, solidity=0.991, turning_angle_std=0.161","C_value=0.371, color_entropy=1.07, lab_a_std=2.24, lab_b_std=6.36, red_fraction=0.0000, bluegray_fraction=0.1500, dark_fraction=0.0000, skin_contrast=62.9","D_px=591.3, D_px_normalized=0.209",,,,,,,,
ISIC_3210975,malignant,LOWER,0.102651,A_value=0.130,"B_circularity=0.171, solidity=0.984, turning_angle_std=0.172","C_value=0.250, color_entropy=1.67, lab_a_std=2.51, lab_b_std=5.91, red_fraction=0.0000, bluegray_fraction=0.1500, dark_fraction=0.0696, skin_contrast=70.6","D_px=214.3, D_px_normalized=0.412",,,,,,,,
ISIC_3511086,malignant,LOWER,0.24661,A_value=0.161,"B_circularity=0.219, solidity=0.962, turning_angle_std=0.244","C_value=0.325, color_entropy=1.84, lab_a_std=3.20, lab_b_std=5.84, red_fraction=0.0000, bluegray_fraction=0.0000, dark_fraction=0.1200, skin_contrast=43.2","D_px=271.5, D_px_normalized=0.523",,,,,,,,
ISIC_8344345,malignant,LOWER,0.246381,A_value=0.252,"B_circularity=0.316, solidity=0.899, turning_angle_std=0.254","C_value=0.466, color_entropy=0.69, lab_a_std=3.55, lab_b_std=3.28, red_fraction=0.0068, bluegray_fraction=0.0000, dark_fraction=0.1200, skin_contrast=42.2","D_px=704.0, D_px_normalized=0.249",,,,,,,,
ISIC_6792899,malignant,LOWER,0.245549,A_value=0.131,"B_circularity=0.191, solidity=0.976, turning_angle_std=0.191","C_value=0.410, color_entropy=1.23, lab_a_std=3.23, lab_b_std=7.34, red_fraction=0.0000, bluegray_fraction=0.1500, dark_fraction=0.1200, skin_contrast=33.8","D_px=1206.9, D_px_normalized=0.427",,,,,,,,
ISIC_4730066,malignant,LOWER,0.243468,A_value=0.137,"B_circularity=0.128, solidity=0.988, turning_angle_std=0.196","C_value=0.358, color_entropy=1.22, lab_a_std=4.98, lab_b_std=3.15, red_fraction=0.4405, bluegray_fraction=0.0000, dark_fraction=0.0000, skin_contrast=21.1","D_px=258.4, D_px_normalized=0.115",,,,,,,,
ISIC_8059373,benign,ELEVATED,0.947928,A_value=0.395,"B_circularity=0.619, solidity=0.858, turning_angle_std=0.659","C_value=0.649, color_entropy=1.55, lab_a_std=3.46, lab_b_std=7.43, red_fraction=0.0011, bluegray_fraction=0.0000, dark_fraction=0.1200, skin_contrast=12.2","D_px=3690.6, D_px_normalized=1.306",,,,,,,,
ISIC_6435029,benign,ELEVATED,0.926624,A_value=0.398,"B_circularity=0.506, solidity=0.885, turning_angle_std=0.558","C_value=0.876, color_entropy=2.07, lab_a_std=4.62, lab_b_std=7.51, red_fraction=0.0000, bluegray_fraction=0.0000, dark_fraction=0.0000, skin_contrast=13.0","D_px=561.6, D_px_normalized=1.081",,,,,,,,
ISIC_7476613,benign,ELEVATED,0.886404,A_value=0.384,"B_circularity=0.632, solidity=0.766, turning_angle_std=0.467","C_value=0.305, color_entropy=1.97, lab_a_std=3.97, lab_b_std=6.45, red_fraction=0.2792, bluegray_fraction=0.0000, dark_fraction=0.0000, skin_contrast=19.4","D_px=1783.5, D_px_normalized=0.631",,,,,,,,
ISIC_2775534,benign,ELEVATED,0.864629,A_value=0.168,"B_circularity=0.414, solidity=0.922, turning_angle_std=0.459","C_value=0.538, color_entropy=1.66, lab_a_std=5.95, lab_b_std=5.19, red_fraction=0.3900, bluegray_fraction=0.0000, dark_fraction=0.0000, skin_contrast=10.3","D_px=647.6, D_px_normalized=1.246",,,,,,,,
ISIC_6604109,benign,ELEVATED,0.855577,A_value=0.279,"B_circularity=0.538, solidity=0.874, turning_angle_std=0.505","C_value=0.490, color_entropy=1.78, lab_a_std=2.66, lab_b_std=5.71, red_fraction=0.0047, bluegray_fraction=0.0016, dark_fraction=0.1200, skin_contrast=48.4","D_px=3780.4, D_px_normalized=1.337",,,,,,,,
ISIC_2686432,benign,ELEVATED,0.78789,A_value=0.293,"B_circularity=0.454, solidity=0.827, turning_angle_std=0.416","C_value=0.306, color_entropy=1.39, lab_a_std=4.81, lab_b_std=5.38, red_fraction=0.0000, bluegray_fraction=0.0000, dark_fraction=0.0000, skin_contrast=32.6","D_px=459.6, D_px_normalized=0.885",,,,,,,,
ISIC_5188621,benign,ELEVATED,0.250011,A_value=0.110,"B_circularity=0.244, solidity=0.951, turning_angle_std=0.322","C_value=0.459, color_entropy=1.44, lab_a_std=3.85, lab_b_std=4.91, red_fraction=0.0000, bluegray_fraction=0.0000, dark_fraction=0.0000, skin_contrast=27.3","D_px=223.0, D_px_normalized=0.429",,,,,,,,
ISIC_3999304,benign,ELEVATED,0.250167,A_value=0.148,"B_circularity=0.201, solidity=0.967, turning_angle_std=0.260","C_value=0.313, color_entropy=0.84, lab_a_std=4.09, lab_b_std=5.03, red_fraction=0.0000, bluegray_fraction=0.1500, dark_fraction=0.2377, skin_contrast=78.1","D_px=374.5, D_px_normalized=0.721",,,,,,,,
ISIC_8152488,benign,ELEVATED,0.250198,A_value=0.235,"B_circularity=0.282, solidity=0.932, turning_angle_std=0.199","C_value=0.364, color_entropy=1.76, lab_a_std=3.03, lab_b_std=6.47, red_fraction=0.0000, bluegray_fraction=0.1500, dark_fraction=0.0000, skin_contrast=47.5","D_px=974.5, D_px_normalized=0.345",,,,,,,,
ISIC_6583245,benign,ELEVATED,0.252147,A_value=0.102,"B_circularity=0.325, solidity=0.961, turning_angle_std=0.437","C_value=0.307, color_entropy=1.78, lab_a_std=4.66, lab_b_std=7.99, red_fraction=0.0000, bluegray_fraction=0.1500, dark_fraction=0.4027, skin_contrast=80.8","D_px=407.7, D_px_normalized=0.785",,,,,,,,
ISIC_7092052,malignant,ELEVATED,0.980568,A_value=0.469,"B_circularity=0.832, solidity=0.723, turning_angle_std=0.785","C_value=0.456, color_entropy=1.93, lab_a_std=3.29, lab_b_std=10.08, red_fraction=0.0007, bluegray_fraction=0.0000, dark_fraction=0.0000, skin_contrast=9.9","D_px=3172.5, D_px_normalized=1.122",,,,,,,,
ISIC_6212007,malignant,ELEVATED,0.965764,A_value=0.297,"B_circularity=0.445, solidity=0.900, turning_angle_std=0.414","C_value=0.670, color_entropy=2.81, lab_a_std=9.88, lab_b_std=11.73, red_fraction=0.0081, bluegray_fraction=0.0000, dark_fraction=0.2692, skin_contrast=74.4","D_px=720.8, D_px_normalized=1.387",,,,,,,,
ISIC_1605945,malignant,ELEVATED,0.90361,A_value=0.117,"B_circularity=0.233, solidity=1.000, turning_angle_std=0.258","C_value=0.652, color_entropy=1.89, lab_a_std=3.76, lab_b_std=10.36, red_fraction=0.0019, bluegray_fraction=0.0000, dark_fraction=0.1200, skin_contrast=6.6","D_px=3938.1, D_px_normalized=1.393",,,,,,,,
ISIC_7181296,malignant,ELEVATED,0.538506,A_value=0.120,"B_circularity=0.196, solidity=0.955, turning_angle_std=0.267","C_value=0.385, color_entropy=1.66, lab_a_std=4.22, lab_b_std=8.45, red_fraction=0.3123, bluegray_fraction=0.1500, dark_fraction=0.0000, skin_contrast=16.5","D_px=803.6, D_px_normalized=0.359",,,,,,,,
ISIC_4296407,malignant,ELEVATED,0.53822,A_value=0.196,"B_circularity=0.307, solidity=0.929, turning_angle_std=0.414","C_value=0.394, color_entropy=1.37, lab_a_std=4.47, lab_b_std=4.78, red_fraction=0.0000, bluegray_fraction=0.0000, dark_fraction=0.1200, skin_contrast=66.7","D_px=493.3, D_px_normalized=0.949",,,,,,,,
ISIC_7662910,malignant,ELEVATED,0.525522,A_value=0.367,"B_circularity=0.406, solidity=0.856, turning_angle_std=0.346","C_value=0.319, color_entropy=0.81, lab_a_std=2.42, lab_b_std=4.99, red_fraction=0.0000, bluegray_fraction=0.0000, dark_fraction=0.0000, skin_contrast=24.9","D_px=1218.5, D_px_normalized=0.431",,,,,,,,
ISIC_0786784,benign,LOWER,0.017307,A_value=0.135,"B_circularity=0.386, solidity=0.969, turning_angle_std=0.205","C_value=0.341, color_entropy=0.59, lab_a_std=1.70, lab_b_std=3.69, red_fraction=0.0000, bluegray_fraction=0.0000, dark_fraction=0.0000, skin_contrast=57.9","D_px=639.4, D_px_normalized=0.226",,,,,,,,
ISIC_8003201,benign,LOWER,0.028114,A_value=0.083,"B_circularity=0.250, solidity=0.977, turning_angle_std=0.152","C_value=0.123, color_entropy=0.37, lab_a_std=2.00, lab_b_std=4.04, red_fraction=0.0000, bluegray_fraction=0.0000, dark_fraction=0.0000, skin_contrast=32.8","D_px=658.3, D_px_normalized=0.233",,,,,,,,
ISIC_3958338,benign,LOWER,0.029939,A_value=0.050,"B_circularity=0.213, solidity=0.987, turning_angle_std=0.168","C_value=0.263, color_entropy=0.64, lab_a_std=1.86, lab_b_std=3.44, red_fraction=0.0000, bluegray_fraction=0.0000, dark_fraction=0.0000, skin_contrast=39.5","D_px=559.8, D_px_normalized=0.198",,,,,,,,
ISIC_8431340,benign,LOWER,0.115324,A_value=0.093,"B_circularity=0.143, solidity=0.986, turning_angle_std=0.142","C_value=0.217, color_entropy=0.85, lab_a_std=4.37, lab_b_std=3.94, red_fraction=0.1287, bluegray_fraction=0.0000, dark_fraction=0.0000, skin_contrast=35.7","D_px=634.7, D_px_normalized=0.225",,,,,,,,
ISIC_5118254,benign,LOWER,0.115735,A_value=0.108,"B_circularity=0.241, solidity=0.932, turning_angle_std=0.220","C_value=0.364, color_entropy=1.19, lab_a_std=4.06, lab_b_std=3.27, red_fraction=0.0023, bluegray_fraction=0.0000, dark_fraction=0.0000, skin_contrast=42.5","D_px=456.0, D_px_normalized=0.161",,,,,,,,
ISIC_3831079,benign,LOWER,0.116122,A_value=0.129,"B_circularity=0.267, solidity=0.958, turning_angle_std=0.178","C_value=0.452, color_entropy=1.13, lab_a_std=2.91, lab_b_std=6.30, red_fraction=0.0010, bluegray_fraction=0.1500, dark_fraction=0.0000, skin_contrast=48.8","D_px=928.9, D_px_normalized=0.329",,,,,,,,
ISIC_5171808,benign,LOWER,0.076019,A_value=0.151,"B_circularity=0.182, solidity=0.968, turning_angle_std=0.356","C_value=0.298, color_entropy=1.11, lab_a_std=4.71, lab_b_std=4.49, red_fraction=0.0000, bluegray_fraction=0.0000, dark_fraction=0.6717, skin_contrast=95.5","D_px=60.1, D_px_normalized=0.116",,,,,,,,
ISIC_1887299,malignant,LOWER,0.140066,A_value=0.115,"B_circularity=0.145, solidity=0.981, turning_angle_std=0.271","C_value=0.344, color_entropy=1.75, lab_a_std=2.75, lab_b_std=8.46, red_fraction=0.0000, bluegray_fraction=0.1500, dark_fraction=0.0000, skin_contrast=63.8","D_px=75.6, D_px_normalized=0.145",,,,,,,,
ISIC_3758135,benign,LOWER,0.058175,A_value=0.094,"B_circularity=0.170, solidity=0.976, turning_angle_std=0.223","C_value=0.270, color_entropy=0.91, lab_a_std=1.90, lab_b_std=4.14, red_fraction=0.0000, bluegray_fraction=0.0000, dark_fraction=0.0000, skin_contrast=40.4","D_px=91.7, D_px_normalized=0.204",,,,,,,,
ISIC_8544988,benign,LOWER,0.196541,A_value=0.221,"B_circularity=0.324, solidity=0.908, turning_angle_std=0.284","C_value=0.411, color_entropy=1.83, lab_a_std=3.39, lab_b_std=5.58, red_fraction=0.0000, bluegray_fraction=0.1500, dark_fraction=0.0000, skin_contrast=59.2","D_px=124.7, D_px_normalized=0.240",,,,,,,,
ISIC_4969084,benign,ELEVATED,0.58164,A_value=0.401,"B_circularity=0.657, solidity=0.761, turning_angle_std=0.512","C_value=0.479, color_entropy=0.65, lab_a_std=2.04, lab_b_std=4.45, red_fraction=0.0000, bluegray_fraction=0.0000, dark_fraction=0.3392, skin_contrast=61.3","D_px=365.6, D_px_normalized=0.704",,,,,,,,
ISIC_1212149,benign,LOWER,0.064427,A_value=0.132,"B_circularity=0.394, solidity=0.946, turning_angle_std=0.224","C_value=0.325, color_entropy=1.32, lab_a_std=2.50, lab_b_std=3.89, red_fraction=0.0513, bluegray_fraction=0.0000, dark_fraction=0.0000, skin_contrast=28.5","D_px=934.2, D_px_normalized=0.330",,,,,,,,
ISIC_6441975,benign,LOWER,0.049068,A_value=0.140,"B_circularity=0.378, solidity=0.948, turning_angle_std=0.205","C_value=0.445, color_entropy=1.05, lab_a_std=1.96, lab_b_std=3.57, red_fraction=0.0000, bluegray_fraction=0.0000, dark_fraction=0.1200, skin_contrast=56.5","D_px=999.0, D_px_normalized=0.353",,,,,,,,
ISIC_6685424,benign,LOWER,0.066651,A_value=0.183,"B_circularity=0.530, solidity=0.919, turning_angle_std=0.481","C_value=0.303, color_entropy=0.50, lab_a_std=2.29, lab_b_std=3.36, red_fraction=0.0000, bluegray_fraction=0.0000, dark_fraction=0.1099, skin_contrast=54.6","D_px=289.4, D_px_normalized=0.557",,,,,,,,
ISIC_4615762,malignant,LOWER,0.107772,A_value=0.247,"B_circularity=0.479, solidity=0.890, turning_angle_std=0.538","C_value=0.322, color_entropy=0.45, lab_a_std=1.60, lab_b_std=4.30, red_fraction=0.0000, bluegray_fraction=0.0000, dark_fraction=0.0000, skin_contrast=70.1","D_px=1283.3, D_px_normalized=0.454",,,,,,,,
ISIC_5212679,benign,LOWER,0.102535,A_value=0.198,"B_circularity=0.450, solidity=0.933, turning_angle_std=0.457","C_value=0.293, color_entropy=1.64, lab_a_std=2.10, lab_b_std=5.44, red_fraction=0.0000, bluegray_fraction=0.0000, dark_fraction=0.0000, skin_contrast=20.1","D_px=583.8, D_px_normalized=0.207",,,,,,,,
