image_id,ground_truth_binary,ground_truth_label,v5_proba,v5_pred,v4_proba,v4_pred,v5_features_valid,pred_class,A_value,B_circularity,C_value,D_px,confidence,lesion_fraction,color_entropy,lab_a_std,lab_b_std,red_fraction,bluegray_fraction,dark_fraction,skin_contrast,solidity,turning_angle_std,eccentricity,D_px_normalized
ISIC_0786784,0,benign,0.017307,0,0.15007,0,True,TN,0.135,0.386,0.341,639.4,0.831,0.0152,0.5876677253878899,1.7004977464675903,3.689882040023804,0.0,0.0,0.0,57.93999099731445,0.9685465375485498,0.2046226930559576,0.9260255177413144,0.2261996091420629
ISIC_8003201,0,benign,0.028114,0,0.076562,0,True,TN,0.083,0.25,0.123,658.3,0.8648,0.0239,0.3734144896951557,1.997685432434082,4.035569667816162,0.0,0.0,0.0,32.82883834838867,0.9767475340046428,0.1515910487703231,0.8653562093916719,0.2328858346859869
ISIC_3958338,0,benign,0.029939,0,0.079259,0,True,TN,0.05,0.213,0.263,559.8,0.5696,0.0173,0.6353957088498465,1.8560694456100464,3.4394724369049072,0.0,0.0,0.0,39.53554916381836,0.9872426873775236,0.1683847030320227,0.8184139471340455,0.1980396327771767
ISIC_7279273,0,benign,0.033559,0,0.185262,0,True,TN,0.174,0.295,0.368,499.9,0.7251,0.0116,1.3575846261996452,2.281439781188965,5.421021461486816,0.0,0.0,0.0,83.39835357666016,0.979429209777376,0.2127201029795194,0.8603920192410598,0.1768488967940526
ISIC_2489767,0,benign,0.033749,0,0.111582,0,True,TN,0.058,0.275,0.475,684.1,0.8756,0.0211,0.9451519775725746,2.232706069946289,8.004088401794434,0.0,0.15,0.12,81.10774993896484,0.9884752451918828,0.1696722666029204,0.8792085000446445,0.2420130632062641
ISIC_4882333,0,benign,0.03475,0,0.095715,0,True,TN,0.071,0.171,0.382,487.0,0.8948,0.0155,0.980834459705802,2.1417076587677,3.866537570953369,0.0,0.0,0.0,80.70741271972656,0.9824987962450804,0.1546006667895128,0.6880664037978833,0.172285282533914
ISIC_7576198,0,benign,0.038269,0,0.094639,0,True,TN,0.103,0.262,0.171,519.8,0.6234,0.0129,0.7551616888529338,2.722966194152832,5.460907459259033,0.0,0.0,0.0,27.369388580322266,0.987225167289476,0.1955128022730872,0.8707308639288891,0.1838888908852741
ISIC_7031405,0,benign,0.038804,0,0.152135,0,True,TN,0.147,0.173,0.408,392.5,0.8703,0.0108,0.1952144631153923,1.5679283142089844,3.0489766597747803,0.0,0.0,0.0,64.3359146118164,0.9762115386796412,0.1727830178532217,0.6381524409919735,0.1388541548142942
ISIC_6295235,0,benign,0.039578,0,0.131329,0,True,TN,0.104,0.267,0.398,732.8,0.9124,0.0257,0.9944940195381508,3.391174793243408,3.787144422531128,0.0,0.0,0.12,62.27821731567383,0.9813897327289628,0.1595964350533617,0.8682832092112646,0.2592415914596555
ISIC_0694037,0,benign,0.039787,0,0.166517,0,True,TN,0.111,0.389,0.349,1400.5,0.9016,0.0752,0.6593652259584203,2.7186496257781982,3.805484771728516,0.0,0.0,0.0,69.20268249511719,0.9589926065361486,0.2402428721999674,0.9302046454909804,0.4954528504902395
ISIC_2256819,0,benign,0.041273,0,0.080597,0,True,TN,0.081,0.129,0.23,366.5,0.7114,0.0098,0.5919995231226715,2.220956325531006,2.976759195327759,0.0,0.0,0.0,34.16189193725586,0.9941316059517702,0.1296045481823111,0.6272216994143786,0.1296561725845575
ISIC_6115208,0,benign,0.041674,0,0.079363,0,True,TN,0.039,0.127,0.412,391.7,0.8721,0.0117,1.3843979256580208,2.3595430850982666,4.097990989685059,0.0,0.0,0.000171236541878,77.87179565429688,0.9926889576023626,0.1530034467173303,0.6096279255848805,0.1385711399764561
ISIC_0767110,0,benign,0.044788,0,0.149808,0,True,TN,0.178,0.246,0.221,485.1,0.7674,0.0115,0.9192764106976647,2.208960771560669,5.097840309143066,0.0,0.0,0.0,30.297832489013672,0.9894298146168712,0.1514602221361381,0.8301362857389917,0.1716131222940486
ISIC_3430886,0,benign,0.045621,0,0.098829,0,True,TN,0.072,0.146,0.381,426.4,0.6785,0.0131,1.3565027194404191,1.8972748517990112,2.466941595077514,0.0,0.0,0.0,46.80371856689453,0.992685083083007,0.1355965797590593,0.6691907524990302,0.1508469085676816
ISIC_0517084,0,benign,0.045678,0,0.119944,0,True,TN,0.092,0.195,0.425,397.7,0.6796,0.0098,0.7618603104331774,2.489443778991699,3.79868745803833,0.0,0.0,0.12,48.262672424316406,0.9845235757318518,0.1723219720185583,0.758120628994918,0.1406937512602415
ISIC_8545097,0,benign,0.046,0,0.096709,0,True,TN,0.065,0.189,0.353,741.9,0.8892,0.0328,1.5727629145453403,1.7962629795074463,2.4088754653930664,0.0,0.0,0.0,49.19328689575195,0.9864048909141748,0.1830195557157991,0.7797667549396522,0.2624608852400633
ISIC_6594866,0,benign,0.047565,0,0.092586,0,True,TN,0.07,0.113,0.393,390.5,0.8663,0.0118,0.336768830625676,2.7684664726257324,3.1798112392425537,0.0,0.0,0.12,58.28467178344727,0.9893983231610736,0.1575653704179215,0.5679013094893995,0.138146617719699
ISIC_3444126,0,benign,0.04806,0,0.114887,0,True,TN,0.121,0.278,0.251,386.9,0.6479,0.0068,1.2947179636768746,4.314685344696045,4.686101913452148,0.0,0.0,0.0,44.373321533203125,0.9784669947886508,0.226888607601406,0.859095168156128,0.1368730509494278
ISIC_1075054,0,benign,0.048813,0,0.102774,0,True,TN,0.074,0.14,0.438,373.9,0.8523,0.0114,0.9659082730156412,1.479259729385376,3.3487606048583984,0.0,0.0,0.0,59.43391799926758,0.985826393774302,0.1639282817139124,0.43420566741109,0.1322740598345594
ISIC_6441975,0,benign,0.049068,0,0.192947,0,True,TN,0.14,0.378,0.445,999.0,0.862,0.0364,1.0539914726118809,1.958327889442444,3.565714120864868,0.0,0.0,0.12,56.47528076171875,0.9476043938794396,0.204734477350208,0.9148415554532016,0.3534147787502672
ISIC_0327790,0,benign,0.049371,0,0.149775,0,True,TN,0.139,0.191,0.403,371.3,0.719,0.0089,0.4427024709894565,3.537107229232788,4.567698955535889,0.0,0.0,0.0,70.88484191894531,0.980626560004425,0.1724402280803904,0.7128747156443052,0.1313542616115858
ISIC_6677145,0,benign,0.049876,0,0.143196,0,True,TN,0.099,0.29,0.433,877.9,0.8618,0.0355,1.340352875833878,3.688974857330322,7.2367706298828125,0.0,0.15,0.0,72.0455551147461,0.9920762396142327,0.1312749751669507,0.9030767164456844,0.3105734076725321
ISIC_0828120,0,benign,0.050186,0,0.079361,0,True,TN,0.068,0.163,0.242,439.0,0.6746,0.0135,0.4901520814290662,1.9430572986602783,2.920806407928467,0.0,0.0,0.0,25.81325340270996,0.980807439515116,0.2335999648290051,0.5954788144770056,0.1553043922636309
ISIC_9189897,0,benign,0.051116,0,0.135346,0,True,TN,0.137,0.145,0.374,300.1,0.7763,0.0066,1.1279760038280422,2.0351004600524902,6.9831318855285645,0.0,0.0,0.0009072694968434,90.4915542602539,0.9927708794012589,0.1560422696372932,0.5702513504913131,0.1061659410439992
ISIC_3919941,0,benign,0.051705,0,0.119636,0,True,TN,0.097,0.137,0.422,306.0,0.6013,0.0069,0.9998996668720784,1.5152575969696045,2.6517043113708496,0.002308219425109,0.0,0.0,45.69365692138672,0.9892046271015952,0.1724326733282934,0.5594429038831606,0.1082531754730548
ISIC_2194390,0,benign,0.052327,0,0.099022,0,True,TN,0.135,0.226,0.113,513.9,0.8198,0.0152,0.8087308649840127,2.828756809234619,5.33901834487915,0.0,0.15,0.0,33.96598434448242,0.9789575743807352,0.2190352054612925,0.7870080259146826,0.1818016564562185
ISIC_4534665,0,benign,0.052829,0,0.132707,0,True,TN,0.137,0.202,0.336,363.9,0.7924,0.008,0.9829592762399152,2.1136066913604736,4.226168632507324,0.0,0.0,0.0,35.75177001953125,0.9823437475821302,0.1973912541291981,0.764262846860609,0.1287363743615838
ISIC_0494909,0,benign,0.054899,0,0.146382,0,True,TN,0.124,0.197,0.395,331.7,0.3807,0.0071,0.4864492059797975,1.9889132976531985,4.391254425048828,0.0,0.0,0.0,44.18001937866211,0.9787337803709832,0.2477952783377551,0.7540617992242615,0.1173450271386022
ISIC_5784659,0,benign,0.055503,0,0.127929,0,True,TN,0.094,0.157,0.361,978.7,0.9161,0.0654,0.2545355241413661,2.728749990463257,2.4569251537323,2.8708738365783778e-05,0.0,0.0,53.17467880249024,0.9901752126646208,0.1540450165571522,0.6770371811872398,0.3462332772401267
ISIC_7509096,0,benign,0.056295,0,0.104945,0,True,TN,0.119,0.174,0.237,484.8,0.8285,0.016,1.289945683878511,1.9208132028579712,4.217288017272949,0.0,0.0,0.0,36.48877716064453,0.9869803714229066,0.1709769717000779,0.7082391219018195,0.1715069917298594
ISIC_0281631,0,benign,0.056424,0,0.092923,0,True,TN,0.091,0.119,0.247,260.6,0.4049,0.0085,0.1241200361986189,0.8700585961341858,2.8266026973724365,0.0,0.0,0.0,11.963746070861816,0.9865936401536828,0.2073882615361087,0.502888816529493,0.1163333504906656
ISIC_7149190,0,benign,0.056505,0,0.103136,0,True,TN,0.083,0.168,0.354,512.1,0.7236,0.0157,0.5248264987690996,3.683910846710205,4.295139312744141,0.0,0.0,0.12,41.47188568115234,0.9934301590404124,0.1754495605768901,0.7623319330862002,0.1811648730710829
ISIC_3372650,0,benign,0.056808,0,0.100847,0,True,TN,0.099,0.243,0.192,189.2,0.8875,0.0703,0.2848981913684265,3.9492027759552,3.961320400238037,0.0,0.0,0.6179307436883993,71.34410095214844,0.9655768139858696,0.295675852311499,0.7145427350706592,0.3641155697689239
ISIC_6534578,0,benign,0.057788,0,0.096631,0,True,TN,0.094,0.232,0.229,535.9,0.644,0.0154,1.6700310081428893,2.682046175003052,4.838037490844727,0.0,0.0,0.0,34.40694046020508,0.981172252833185,0.1685391335956035,0.8359773747952569,0.1895845644967649
ISIC_3758135,0,benign,0.058175,0,0.092512,0,True,TN,0.094,0.17,0.27,91.7,0.8152,0.0217,0.9083001990077348,1.9035874605178835,4.138065338134766,0.0,0.0,0.0,40.42182922363281,0.9764065335753176,0.2232105633715336,0.6986379150923767,0.2035517346934762
ISIC_9641799,0,benign,0.05854,0,0.110886,0,True,TN,0.102,0.143,0.348,391.5,0.699,0.0116,0.3930490064807903,2.7177276611328125,4.3258891105651855,0.000865267097137,0.0,0.0,49.38544845581055,0.9840301741433272,0.1666488074305916,0.620751644529441,0.1385003862669966
ISIC_2288288,0,benign,0.058704,0,0.195832,0,True,TN,0.2,0.269,0.293,645.3,0.8055,0.0232,0.2679883477357134,1.7499873638153076,2.3663902282714844,0.0,0.0,0.0,30.96955680847168,0.957525033317258,0.2633781444387315,0.7155569813982994,0.2282868435711185
ISIC_3356154,0,benign,0.058749,0,0.144908,0,True,TN,0.132,0.154,0.415,498.4,0.8398,0.017,0.174586013474747,2.3185181617736816,4.202744007110596,0.0,0.0,0.0,51.31967544555664,0.9835415787866004,0.1563896136977834,0.6241629666477453,0.1763182439731062
ISIC_7230713,0,benign,0.058885,0,0.269402,1,True,TN,0.245,0.327,0.346,497.8,0.6738,0.0168,1.3365051614318062,2.6028780937194824,4.604220867156982,0.0,0.0,0.0,65.92813873291016,0.9604448165905808,0.1982292628289514,0.8615182603567546,0.2222208053501662
ISIC_1203254,0,benign,0.058941,0,0.125788,0,True,TN,0.125,0.262,0.251,816.7,0.8583,0.0348,1.333157000445455,2.999479293823242,4.453948497772217,0.0021303470090575,0.0,0.0,33.58327865600586,0.9852225773689144,0.1950406353097553,0.8360568628715133,0.2889227725779212
ISIC_3689266,0,benign,0.059297,0,0.108965,0,True,TN,0.067,0.133,0.44,390.1,0.4365,0.0102,0.8807160274251383,2.291649341583252,4.588308811187744,0.0,0.0,0.12,51.25981140136719,0.9953230174790758,0.1544771987893697,0.6894969268955781,0.13800511030078
ISIC_9010543,0,benign,0.06014,0,0.136797,0,True,TN,0.12,0.179,0.389,647.0,0.8747,0.0271,0.5949057383689487,2.6714370250701904,3.297511577606201,0.0,0.0,0.12,58.78785705566406,0.9769143736422882,0.1845572957660753,0.6869920170586878,0.2288882501015244
ISIC_5209280,0,benign,0.060723,0,0.091754,0,True,TN,0.069,0.128,0.322,236.4,0.3316,0.0045,0.2517774712058765,2.435258626937866,3.9965007305145264,0.0075467510127073,0.0,0.0,33.1256217956543,0.9930934811912008,0.1829519860141823,0.3497837823325523,0.0836308845811443
ISIC_0373682,0,benign,0.061021,0,0.141225,0,True,TN,0.061,0.162,0.161,381.2,0.9115,0.2904,0.7297756999060308,1.949674248695373,2.2601027488708496,0.0,0.0,0.3412948392608934,77.039306640625,0.9915281187589838,0.1425171668540613,0.7380119937331207,0.7336197420502845
ISIC_9603768,0,benign,0.061055,0,0.104999,0,True,TN,0.078,0.249,0.315,768.7,0.752,0.0307,0.9957465070123293,3.3514347076416016,3.69197678565979,0.0001954986437281,0.0,0.0,35.11484146118164,0.9749233475647536,0.2312561350326925,0.8351495291651252,0.271941882307638
ISIC_4393640,0,benign,0.061579,0,0.143324,0,True,TN,0.087,0.297,0.486,670.2,0.6539,0.0226,1.6683021627516397,3.6420280933380127,4.741593360900879,0.0,0.0,0.12,66.35536193847656,0.9796831871643212,0.4047954567263564,0.8439361131908437,0.2370956803988279
ISIC_4181217,0,benign,0.06185,0,0.094413,0,True,TN,0.076,0.177,0.343,422.4,0.8665,0.0193,1.577410030328782,5.843883514404297,3.384389638900757,0.0063353832184572,0.0,0.003466919806843,88.02969360351562,0.988244642674049,0.2921729185030336,0.6847976526593826,0.1885618083164126
ISIC_5577211,0,benign,0.061932,0,0.12346,0,True,TN,0.149,0.354,0.103,913.6,0.8315,0.0322,1.805847234574492,3.1993393898010254,4.476083278656006,0.0003113434078871,0.0,0.0,26.769344329833984,0.9641209587828804,0.2182150185799217,0.9022196307478848,0.3232029448110552
ISIC_1406593,0,benign,0.062153,0,0.141168,0,True,TN,0.14,0.213,0.353,453.2,0.8086,0.0115,1.0319742497877242,3.854461908340454,5.0305256843566895,0.0,0.0,0.12,38.51691818237305,0.9929073007011237,0.1570378992654787,0.8137787184887426,0.1603279056352563
ISIC_3825167,0,benign,0.062739,0,0.161446,0,True,TN,0.148,0.211,0.386,642.6,0.8929,0.0276,0.3105572903994115,2.7390224933624268,4.154276371002197,0.0,0.0,0.0,73.62836456298828,0.9625861646663634,0.2144578822311744,0.6087374815595722,0.2273316684934151
ISIC_8144369,0,benign,0.063719,0,0.096185,0,True,TN,0.096,0.137,0.307,279.9,0.7641,0.0064,1.3666303023582385,2.109262228012085,3.944042444229126,0.0,0.0,0.0,59.00279998779297,0.9879793091286714,0.1789829334349633,0.2131263577572465,0.0990198163885883
ISIC_1212149,0,benign,0.064427,0,0.154146,0,True,TN,0.132,0.394,0.325,934.2,0.8746,0.0304,1.321778821444791,2.4978222846984863,3.891459465026856,0.051293025399595,0.0,0.0,28.53072166442871,0.9457775068671926,0.2236761148211877,0.8991348369101239,0.330490576885385
ISIC_0444602,0,benign,0.064509,0,0.09797,0,True,TN,0.089,0.121,0.34,238.5,0.6411,0.0042,1.5092236465974909,2.8300695419311523,3.144815683364868,0.0,0.0,0.0,48.78607940673828,0.9924230043530584,0.1854466845850943,0.5273295741083532,0.0843737985304692
ISIC_7388369,0,benign,0.064977,0,0.131217,0,True,TN,0.126,0.169,0.354,488.4,0.7587,0.0155,0.2895723435522583,3.7549445629119873,2.6349470615386963,0.0,0.0,0.0,41.61497497558594,0.9766750460204668,0.1661891328409226,0.683880593884986,0.1727805585001306
ISIC_2750724,0,benign,0.065533,0,0.126536,0,True,TN,0.149,0.217,0.202,408.9,0.5558,0.0099,0.791815727916312,2.409477472305298,6.516679763793945,0.0,0.15,0.12,39.94575119018555,0.9772310020591956,0.1841653552857105,0.7649288194001514,0.1446559589899742
ISIC_0498990,0,benign,0.066363,0,0.09951,0,True,TN,0.074,0.144,0.356,675.3,0.8759,0.0317,1.1799144166595033,2.1468546390533447,3.362527370452881,0.0,0.0,0.0,49.79207611083984,0.9861254808848868,0.1848082311204402,0.607682460099521,0.2388998999900455
ISIC_4724569,0,benign,0.066512,0,0.107891,0,True,TN,0.1,0.147,0.358,305.5,0.7271,0.0061,0.731774086251231,3.291201591491699,6.592980861663818,0.0156335877862595,0.15,0.0,48.347442626953125,0.9948879637565814,0.1491812124356721,0.6966732926215327,0.108076291199406
ISIC_9308624,0,benign,0.066538,0,0.087127,0,True,TN,0.078,0.134,0.206,956.7,0.9246,0.0493,0.9364497827834566,2.9407498836517334,3.199608325958252,0.0,0.0,0.0,39.43228530883789,0.994004395618934,0.1167290712798855,0.5406598241713483,0.2737652956321151
ISIC_6685424,0,benign,0.066651,0,0.281562,1,True,TN,0.183,0.53,0.303,289.4,0.8348,0.171,0.501011353765904,2.285332202911377,3.359973907470703,0.0,0.0,0.1099343772334481,54.6163444519043,0.9191626700449432,0.480946229057737,0.4667831400396363,0.5569505596782589
ISIC_8863344,0,benign,0.066696,0,0.112479,0,True,TN,0.102,0.175,0.358,521.0,0.8998,0.0182,1.2435717596702245,2.418335199356079,4.1762003898620605,0.0,0.0,0.0,45.75421524047852,0.9798171648726745,0.1634648306626599,0.6788783135096687,0.1843134131420312
ISIC_0051799,0,benign,0.066929,0,0.12669,0,True,TN,0.132,0.216,0.271,664.0,0.8794,0.0283,0.573201001835651,2.255185604095459,4.239204406738281,0.0,0.0,0.0,33.35157012939453,0.9728467952878668,0.2728353331849377,0.7256438738381967,0.234902315405583
ISIC_9994191,0,benign,0.067386,0,0.169031,0,True,TN,0.163,0.394,0.268,208.1,0.7851,0.0494,0.8015451662555777,3.4632985591888428,3.867593288421631,0.0,0.0,0.0,25.87286949157715,0.9439144677634184,0.2389131743698065,0.9266890472629314,0.4004886367278704
ISIC_9438037,0,benign,0.068198,0,0.075907,0,True,TN,0.095,0.146,0.124,350.9,0.6655,0.0084,1.036857439403892,1.8485000133514404,6.623151779174805,0.0,0.0,0.0,22.444414138793945,0.9894132690992358,0.1652731885596565,0.6607536457855891,0.1241373832467154
ISIC_1001430,0,benign,0.068462,0,0.115698,0,True,TN,0.087,0.17,0.42,442.1,0.6778,0.0124,1.3537111670301607,3.091207504272461,4.385295391082764,0.0,0.0,0.0,56.97329711914063,0.9849274033165694,0.2171315575756924,0.7158589933340246,0.1564010747602534
ISIC_9038840,0,benign,0.068673,0,0.171332,0,True,TN,0.162,0.225,0.368,655.9,0.9007,0.0278,1.2954251428690136,2.699706077575684,4.367820262908936,0.0,0.0,0.0,65.69857025146484,0.9696662254906258,0.157771162902858,0.748298008802138,0.2320367901724727
ISIC_2738580,0,benign,0.068784,0,0.16472,0,True,TN,0.152,0.218,0.372,718.1,0.8735,0.0282,1.6143166127352375,2.785141468048096,3.824204921722412,0.0012071827372868,0.0,0.0,51.4018669128418,0.9845711228257914,0.1573245139050684,0.8024536817265775,0.2540411938143813
ISIC_5671218,0,benign,0.069045,0,0.138122,0,True,TN,0.138,0.167,0.305,309.3,0.3515,0.0065,0.7734584361673443,1.8259689807891848,5.29633092880249,0.0,0.15,0.0,27.98070526123047,0.99210996141368,0.1996623232309241,0.6640691367482683,0.1094206116791367
ISIC_4532010,0,benign,0.069097,0,0.150007,0,True,TN,0.173,0.17,0.22,493.0,0.5493,0.0169,1.0482616540441447,1.6441997289657593,3.015174865722656,0.0,0.0,0.0,36.45072937011719,0.9794023219200744,0.1610334878977669,0.6097639135640514,0.1744078938176994
ISIC_6379790,0,benign,0.069338,0,0.092117,0,True,TN,0.108,0.18,0.086,1263.7,0.8709,0.0434,1.485841391185527,1.4374576807022097,3.582444906234741,0.0,0.0,0.0,11.031432151794434,0.9929773591953802,0.1742076541201705,0.7477583641192121,0.298555187881472
ISIC_5909577,0,benign,0.070176,0,0.109905,0,True,TN,0.145,0.182,0.144,530.5,0.7869,0.0191,0.7404769745670181,2.9990642070770264,4.950160026550293,0.0,0.0,0.12,36.12045669555664,0.9825955243788614,0.2018290933206993,0.6548423675055615,0.1876742143413581
ISIC_9280729,0,benign,0.070419,0,0.208806,0,True,TN,0.133,0.309,0.234,406.2,0.7977,0.2164,0.6306655764304341,3.7929649353027344,2.8942127227783203,0.0,0.0,0.0,59.7119026184082,0.9829410567727056,0.1824824845463697,0.8809837807375557,0.7817322644827532
ISIC_2683271,0,benign,0.070828,0,0.103727,0,True,TN,0.094,0.131,0.324,226.4,0.4492,0.0041,1.5130502692296828,2.9975271224975586,6.646997451782227,0.0,0.0,0.0,82.819091796875,0.9852903342968266,0.1455704174908091,0.5699858528869066,0.0800931991081686
ISIC_1469532,0,benign,0.070952,0,0.130986,0,True,TN,0.169,0.213,0.106,839.1,0.8779,0.0415,0.6370230424635117,2.255650043487549,4.9443888664245605,0.0,0.0,0.0,17.891626358032227,0.9848359250369,0.1763020328041948,0.776257220829667,0.2968471880373866
ISIC_9451867,0,benign,0.070964,0,0.135312,0,True,TN,0.13,0.217,0.315,171.2,0.8638,0.0506,0.9821190615125256,1.8240479230880735,4.8208184242248535,0.0,0.0,0.0664471276984998,39.465431213378906,0.9788471323689758,0.2129443570500578,0.7392160837999002,0.3294745536175464
ISIC_8033490,0,benign,0.071123,0,0.072234,0,True,TN,0.053,0.182,0.186,621.7,0.5869,0.0235,1.3937193324148829,3.126873254776001,3.816997528076172,0.0128781215852455,0.0,0.0,22.56396484375,0.9858934954952578,0.2119674297519042,0.7623082734859951,0.219937905854896
ISIC_9952575,0,benign,0.071615,0,0.079526,0,True,TN,0.086,0.184,0.14,487.4,0.6763,0.0236,1.1755116130092331,1.8587141036987305,4.962123394012451,0.0009469136533112,0.0,0.0,18.408042907714844,0.979793313272318,0.1925137644273685,0.6989366274842918,0.2175781850696485
ISIC_5695185,0,benign,0.072443,0,0.113962,0,True,TN,0.086,0.168,0.408,379.6,0.5796,0.0096,1.7928194062204776,3.341829538345337,4.258533000946045,0.0,0.0,0.12,63.1993408203125,0.986083051305478,0.1971835706866807,0.6897411666361856,0.1342905405541556
ISIC_7820852,0,benign,0.072797,0,0.133442,0,True,TN,0.13,0.17,0.365,423.3,0.7856,0.0123,1.3802955071465106,2.00747013092041,4.62355899810791,0.0,0.0,0.12,60.92183303833008,0.9758771160754096,0.1888116000355384,0.6103595398920032,0.1497502260710591
ISIC_6370792,0,benign,0.072957,0,0.144147,0,True,TN,0.107,0.24,0.349,760.9,0.3105,0.0301,0.7597279834190691,1.325864553451538,6.234999179840088,0.0,0.0,0.0,22.135311126708984,0.9843401411644942,0.1744170175612241,0.8316082783773664,0.269182487638717
ISIC_6647306,0,benign,0.073008,0,0.164752,0,True,TN,0.129,0.189,0.427,487.2,0.343,0.0162,0.2274348282796898,2.7321364879608154,3.767398834228516,0.0326371867533692,0.0,0.0,45.966556549072266,0.9751352334197008,0.1889011822885168,0.6922868445616307,0.1723560362433735
ISIC_1265230,0,benign,0.073272,0,0.098917,0,True,TN,0.075,0.224,0.251,1069.4,0.8497,0.0499,1.1545243803361738,2.639530658721924,2.515672445297241,0.0089770320631741,0.0,0.0,26.1823673248291,0.9810528830709278,0.3993033164007791,0.6977041681637873,0.3060150592129027
ISIC_9481406,0,benign,0.073915,0,0.095663,0,True,TN,0.1,0.145,0.173,563.2,0.3918,0.0204,0.9308195122322486,2.410102128982544,2.862366914749145,0.2294511313215502,0.0,0.0,26.66792106628418,0.9976822147589196,0.1388024945690841,0.7282567507694738,0.1992424458379885
ISIC_8231949,0,benign,0.07399,0,0.124653,0,True,TN,0.111,0.158,0.337,740.1,0.9092,0.0418,1.0729058813842385,3.2491230964660645,5.756313800811768,0.0006222998767367,0.15,0.12,94.75977325439452,0.9832428685211954,0.1568412544330275,0.4870267632241412,0.2618241018549277
ISIC_8137345,0,benign,0.074269,0,0.186342,0,True,TN,0.178,0.188,0.402,275.3,0.6074,0.0052,0.6938343787207194,1.717264175415039,3.762186288833618,0.0,0.0,0.0,27.939502716064453,0.9762664586435952,0.2094127072907067,0.6328528610932806,0.0973924810710196
ISIC_2876194,0,benign,0.074832,0,0.084887,0,True,TN,0.08,0.131,0.271,638.4,0.8528,0.01,1.7100326327676665,3.788851737976074,7.674921989440918,0.0,0.0,0.4409797515243585,99.8445816040039,0.9918120880417968,0.2111848053709929,0.5972257604834311,0.130312854316065
ISIC_8633461,0,benign,0.075515,0,0.106875,0,True,TN,0.091,0.129,0.387,294.0,0.6869,0.0067,0.8336959669452124,3.2698569297790527,5.082318305969238,0.0,0.15,0.12,51.663944244384766,0.9909759047353244,0.1621981101079522,0.4987081505287242,0.104007952905484
ISIC_4630013,0,benign,0.076015,0,0.119436,0,True,TN,0.104,0.119,0.405,243.9,0.5826,0.0044,0.7861046247128183,3.290444612503052,3.6319680213928223,0.2550604965881071,0.0,0.0,66.98017883300781,0.9927221049911716,0.1690538555210221,0.6056818277415991,0.086284148685876
ISIC_5171808,0,benign,0.076019,0,0.129895,0,True,TN,0.151,0.182,0.298,60.1,0.8102,0.0073,1.1060066987356385,4.714301586151123,4.485397338867188,0.0,0.0,0.6717248356095094,95.50677490234376,0.9681771894093686,0.3562924045599687,0.672562151534447,0.115662503927655
ISIC_6847618,0,benign,0.076092,0,0.096394,0,True,TN,0.086,0.165,0.321,364.2,0.6901,0.0063,1.8938427199857484,2.4935998916625977,4.5977935791015625,0.0034200609158019,0.0,0.0,40.16753387451172,0.9851176771552826,0.1831546804897867,0.5868740432970644,0.1042179582619591
ISIC_3962990,0,benign,0.076132,0,0.085328,0,True,TN,0.06,0.168,0.322,590.6,0.8799,0.0247,1.1737427289718312,3.1910433769226074,3.3260793685913086,0.0048608579414266,0.0,0.0,37.9152946472168,0.9807728257266272,0.3033411838592585,0.6535285750066129,0.2089357040339417
ISIC_4769243,0,benign,0.076446,0,0.142396,0,True,TN,0.104,0.146,0.505,429.8,0.6736,0.0124,1.1047244665780085,3.15149998664856,3.224761724472046,0.0,0.0,0.12,41.65026473999024,0.9930189514344344,0.147342441803307,0.6764093332358888,0.1520497216284933
ISIC_5734408,0,benign,0.077358,0,0.086888,0,True,TN,0.085,0.11,0.239,240.6,0.4102,0.0048,1.313089429440207,1.1585140228271484,4.154636859893799,0.0,0.0,0.0,21.0629997253418,0.9905861826514936,0.1629378846150044,0.4317370835998332,0.085116712479794
ISIC_8872225,0,benign,0.077768,0,0.079378,0,True,TN,0.051,0.207,0.203,1012.1,0.879,0.0563,0.9901337383153884,2.104355573654175,6.6163740158081055,0.0,0.0,0.0,34.60061264038086,0.9796976105069536,0.1663733275323837,0.7579284046203839,0.3580491467198653
ISIC_7740004,0,benign,0.078104,0,0.073556,0,True,TN,0.082,0.171,0.111,699.0,0.8953,0.0332,1.1172594291839022,2.5258219242095947,4.831980705261231,0.0,0.0,0.0,20.775449752807617,0.9833022910507052,0.1802531418027008,0.5936641654795439,0.2472842145609978
ISIC_6066990,0,benign,0.078259,0,0.184591,0,True,TN,0.132,0.261,0.505,797.0,0.8498,0.0322,1.2430442880196046,3.1744816303253174,5.430135250091553,0.0,0.15,0.12,65.37432098388672,0.9729185619621556,0.1850937639764864,0.838945292724875,0.2819535321961591
ISIC_8223110,0,benign,0.078279,0,0.117397,0,True,TN,0.091,0.172,0.373,661.5,0.7257,0.0285,1.389503915704701,3.931767463684082,4.413642406463623,0.0,0.0,0.12,64.1511001586914,0.985717696598728,0.1498137749817744,0.7283638345361727,0.2340178940373391
ISIC_9104229,0,benign,0.078489,0,0.183499,0,True,TN,0.201,0.279,0.189,780.5,0.6498,0.0289,1.034881418376687,2.463774919509888,5.064775466918945,0.0,0.0,0.0,20.836217880249023,0.9769560876123304,0.2285395060523898,0.8603770120069719,0.2761163511657493
ISIC_7559201,0,benign,0.078491,0,0.126966,0,True,TN,0.111,0.248,0.284,935.0,0.9194,0.0532,1.4632880247208746,1.5771815776824951,4.415827751159668,0.0,0.0,0.0,34.111602783203125,0.964115164387362,0.1611573957331368,0.8165840646493111,0.330773591723223
ISIC_1718882,0,benign,0.080005,0,0.272828,1,True,TN,0.216,0.277,0.495,516.8,0.6799,0.0146,1.217999163688139,1.502163052558899,4.109998226165772,0.0,0.0,0.0,41.09758758544922,0.9651667940326278,0.2501620064751053,0.7704141723585255,0.1828275852433814
ISIC_1845331,0,benign,0.080092,0,0.132171,0,True,TN,0.158,0.351,0.139,778.3,0.8619,0.0279,0.8396711244992605,2.035354852676392,4.660136699676514,0.0,0.0,0.0,23.837587356567383,0.9286352255589556,0.321269113955173,0.8148676388000262,0.2753380603616946
ISIC_6434344,0,benign,0.0808,0,0.102981,0,True,TN,0.116,0.17,0.175,781.8,0.8869,0.0414,1.6271596691314003,2.878239870071411,4.334689140319824,0.0,0.0,0.0,27.04080009460449,0.9932685780172108,0.1184414756512702,0.7479025340329283,0.2765762502772361
ISIC_4684692,0,benign,0.081777,0,0.103829,0,True,TN,0.098,0.221,0.286,591.0,0.8471,0.0201,1.5076384391667308,3.201078176498413,6.214397430419922,0.01296192434723,0.0,0.0,30.765810012817383,0.9813983913616304,0.1554773709278781,0.8134459264218196,0.2090772114528608
ISIC_5493841,0,benign,0.082278,0,0.149293,0,True,TN,0.136,0.246,0.353,606.8,0.7985,0.0276,0.7865834605809747,2.156341314315796,2.9375219345092773,0.0,0.0,0.12,40.8094367980957,0.9497415601548476,0.2609680573191281,0.5932653024692827,0.2146667545001623
ISIC_0131983,0,benign,0.082443,0,0.118707,0,True,TN,0.116,0.188,0.318,493.2,0.7705,0.0164,0.9102890007494442,3.812225103378296,3.785728931427002,0.0,0.0,0.12,48.60423278808594,0.9702455557450848,0.2303988197832602,0.670405318347136,0.1744786475271589
ISIC_4138044,0,benign,0.082745,0,0.144694,0,True,TN,0.111,0.2,0.359,970.0,0.8999,0.0672,0.9904935048967832,2.034480571746826,3.0146987438201904,0.0,0.0,0.0,57.5131721496582,0.9679083037569136,0.228099050940156,0.5847496122584475,0.3431554908786378
ISIC_5831158,0,benign,0.083184,0,0.133757,0,True,TN,0.111,0.243,0.271,238.1,0.8094,0.096,0.1257007350531731,1.735069990158081,2.339730024337769,0.0,0.0,0.0,15.57194995880127,0.956553370891318,0.2263974998742064,0.6794162265237181,0.458223663646833
ISIC_3882211,0,benign,0.083365,0,0.096057,0,True,TN,0.12,0.171,0.184,475.6,0.8682,0.0146,1.6156873808066714,1.7485482692718506,5.687925338745117,0.0,0.0,0.0,23.97251510620117,0.9821127937203948,0.1773131514522704,0.6697871421548222,0.1682523210947218
ISIC_9860255,0,benign,0.083471,0,0.117261,0,True,TN,0.115,0.194,0.263,689.9,0.7375,0.0307,1.468480801156816,1.047522783279419,3.257451295852661,0.0,0.0,0.0,16.797130584716797,0.9724265217719896,0.1837783600497344,0.6939255148636307,0.2440649207805899
ISIC_9381247,0,benign,0.083657,0,0.239604,0,True,TN,0.206,0.244,0.436,640.3,0.8672,0.0279,0.4240549601810665,1.811595439910889,3.579033613204956,0.0,0.0,0.12,58.82041549682617,0.9561402941651852,0.3058033617447367,0.5550999770875634,0.2265180008346307
ISIC_2046445,0,benign,0.084086,0,0.157046,0,True,TN,0.119,0.187,0.51,378.2,0.6625,0.0087,0.8687721587201862,2.0588417053222656,7.732457637786865,0.0,0.15,0.12,63.23069763183594,0.9767182784781566,0.2139033690499306,0.7495640138615103,0.133795264587939
ISIC_4765919,0,benign,0.084548,0,0.131341,0,True,TN,0.12,0.189,0.345,621.3,0.7618,0.0245,0.9764500262498544,2.97352933883667,4.326909065246582,0.0,0.0,0.0,26.296953201293945,0.9835184259301344,0.1446146617079565,0.7024738561818253,0.2197963984359769
ISIC_2798100,0,benign,0.084714,0,0.11726,0,True,TN,0.124,0.144,0.291,487.7,0.7835,0.0182,0.4711456491425949,3.239229917526245,4.51993989944458,0.0008811482463084,0.0,0.0,40.864532470703125,0.9839840827154616,0.1730669798507162,0.4480765874659492,0.1725329205170223
ISIC_1670165,0,benign,0.084725,0,0.124654,0,True,TN,0.077,0.208,0.322,1216.2,0.9365,0.0948,1.4551119921186646,2.268242835998535,6.489474773406982,0.0,0.0,0.0,86.68119049072266,0.9762598088485698,0.2275477233854211,0.7321574516732102,0.4302533072232983
ISIC_6607939,0,benign,0.084849,0,0.115333,0,True,TN,0.109,0.174,0.327,588.7,0.9072,0.0265,1.7525079273446802,2.805413007736206,6.802142143249512,0.0,0.15,0.3791522940981902,102.14080810546876,0.9713138637373976,0.1989266817797963,0.5745255482547801,0.2082635437940764
ISIC_4707779,0,benign,0.084935,0,0.16464,0,True,TN,0.148,0.351,0.27,1268.9,0.8729,0.0442,0.871952920444657,3.748081922531128,2.56463360786438,0.1113948919449901,0.0,0.0,28.399999618530277,0.953825662276158,0.2946115595421072,0.8776951108007693,0.3631031500236134
ISIC_3608401,0,benign,0.084969,0,0.167698,0,True,TN,0.136,0.243,0.441,670.0,0.8562,0.0288,1.5870856398802715,3.2339558601379395,3.908322811126709,0.0,0.0,0.0,62.35064697265625,0.9693560325684678,0.3183738326288914,0.7369766029085482,0.2370249266893684
ISIC_9122199,0,benign,0.085111,0,0.120645,0,True,TN,0.156,0.212,0.139,675.5,0.8631,0.0275,1.639558873916153,1.8216482400894165,5.283432483673096,0.0,0.0,0.0,25.117176055908203,0.977308476030458,0.192550122227113,0.7493760337459385,0.238970653699505
ISIC_3410585,0,benign,0.085508,0,0.223675,0,True,TN,0.206,0.182,0.448,316.8,0.7482,0.0069,1.665314297030554,1.6223777532577517,3.964751958847046,0.0,0.0,0.12,62.88416290283203,0.9754701189543414,0.1940143445971232,0.5540633346807224,0.1120738757838685
ISIC_8131464,0,benign,0.085799,0,0.126846,0,True,TN,0.146,0.169,0.243,336.9,0.571,0.0084,1.276260997408886,2.9453976154327397,3.792636632919312,0.0,0.0,0.0,46.06862258911133,0.9721296289542594,0.1867557349880847,0.5274814620128978,0.1191846235845495
ISIC_8168701,0,benign,0.08599,0,0.103563,0,True,TN,0.128,0.192,0.179,552.9,0.8666,0.0199,0.9683453667650644,2.7016758918762207,4.267940521240234,0.0627063538069914,0.0,0.0,22.92094993591309,0.969854195559592,0.1853084211481634,0.7429451913304743,0.1955986298008235
ISIC_8061603,0,benign,0.086872,0,0.169317,0,True,TN,0.15,0.185,0.465,411.8,0.8653,0.012,0.2728756147311508,3.363215684890747,2.9865667819976807,0.0,0.0,0.0,41.40400314331055,0.9654600103225284,0.2076469319548196,0.5313656037518737,0.1456818877771372
ISIC_1856063,0,benign,0.087896,0,0.192448,0,True,TN,0.165,0.237,0.42,698.0,0.8243,0.0291,0.8564772054363665,2.202881097793579,4.33736515045166,0.0,0.0,0.12,60.995452880859375,0.9549905787515246,0.252166614749289,0.7428470401368005,0.2469304460137002
ISIC_3923764,0,benign,0.088291,0,0.139676,0,True,TN,0.104,0.193,0.445,616.7,0.8845,0.0386,1.2759587369689966,3.112222194671631,3.4351747035980225,0.0008254230293025,0.0,0.0,37.11771011352539,0.9819886943011242,0.1897668997908496,0.7396374662603175,0.2752984545187777
ISIC_3877564,0,benign,0.088819,0,0.121329,0,True,TN,0.128,0.239,0.245,677.7,0.8188,0.0248,1.2632099445448175,2.261385679244995,5.620052337646484,0.0,0.0,0.12,26.55358123779297,0.9672068109119588,0.197213807076029,0.7976196427446989,0.2397489445035596
ISIC_3341159,0,benign,0.089736,0,0.087805,0,True,TN,0.1,0.151,0.18,499.8,0.7581,0.0202,0.990060738534146,2.9805614948272705,5.280456066131592,0.0,0.0,0.0,39.8689079284668,0.9855138224193908,0.1691852218338927,0.272839703199411,0.1768135199393229
ISIC_2349724,0,benign,0.090069,0,0.138832,0,True,TN,0.087,0.234,0.488,647.8,0.6803,0.024,1.050399796930616,3.095109224319458,4.753236770629883,0.0,0.0,0.12,53.66713333129883,0.9581381601030012,0.2012154152552573,0.8151868189671343,0.2291712649393624
ISIC_3364243,0,benign,0.090222,0,0.103005,0,True,TN,0.085,0.16,0.371,495.3,0.8817,0.018,1.7727729101906018,2.95222544670105,3.452658176422119,0.0,0.0,0.0,46.64655303955078,0.9766638653739724,0.1962412868626075,0.5632626302776853,0.1752215614764838
ISIC_1966992,0,benign,0.091497,0,0.094005,0,True,TN,0.136,0.175,0.069,622.4,0.8864,0.0279,1.1525345140571197,1.3973393440246582,7.284276008605957,0.0,0.0,0.0,27.119129180908203,0.9771199620423332,0.1503456392676712,0.5740535150460582,0.2201855438380043
ISIC_2269075,0,benign,0.092554,0,0.151775,0,True,TN,0.124,0.174,0.487,366.3,0.7745,0.0098,1.0925345662502783,3.358118057250977,4.709597587585449,0.0,0.0,0.12,52.75164413452149,0.9774292392237462,0.175014465425176,0.5823359760807028,0.129585418875098
ISIC_4947304,0,benign,0.092757,0,0.102303,0,True,TN,0.133,0.164,0.156,447.5,0.7296,0.0142,1.6639049919210347,3.06059193611145,4.336259841918945,0.0297232811825921,0.0,0.0,25.48267364501953,0.9855236135153638,0.1518617065626749,0.614297654003119,0.1583114249156602
ISIC_9636881,0,benign,0.092849,0,0.132018,0,True,TN,0.141,0.232,0.25,594.7,0.8976,0.0365,1.2757332179806538,3.967683553695679,2.871391773223877,0.0108374438053411,0.0,0.0,43.359500885009766,0.9624069475634182,0.2580440816692291,0.6994772479940075,0.2654775270022979
ISIC_5777510,0,benign,0.094615,0,0.158511,0,True,TN,0.141,0.2,0.397,518.8,0.707,0.0204,0.8596850054595708,1.5886523723602295,3.0594539642333984,0.0,0.0,0.0,36.38055419921875,0.9563373761142712,0.2100335922393561,0.5094934444220774,0.1835351223379766
ISIC_1208163,0,benign,0.094939,0,0.139585,0,True,TN,0.169,0.22,0.23,352.6,0.7425,0.0072,1.4020307668264311,3.905129432678223,4.032771587371826,0.0069061965848857,0.0,0.0,30.373247146606445,0.9635506111199538,0.1667344663883553,0.739306133211025,0.1247387897771213
ISIC_2877445,0,benign,0.095552,0,0.105045,0,True,TN,0.101,0.183,0.304,515.1,0.8538,0.0188,1.1127604509535438,3.78153395652771,5.095269203186035,0.0,0.15,0.12,64.4306640625,0.9653312093284232,0.2577172216212818,0.5655237667703129,0.1822261787129756
ISIC_3724889,0,benign,0.096068,0,0.156187,0,True,TN,0.173,0.248,0.282,511.3,0.8536,0.0121,1.6106074098918346,2.233675003051758,2.712090492248535,0.0024990832167547,0.0,0.0,40.60713195800781,0.9382143485845056,0.2081361403298865,0.636191885368296,0.1463114828647438
ISIC_3964848,0,benign,0.097599,0,0.093697,0,True,TN,0.062,0.138,0.305,793.3,0.8012,0.0517,1.6796538675336885,3.380739688873291,4.969358444213867,0.0,0.0,0.0,56.68058776855469,0.9929125544214572,0.1269418937700026,0.507583721567739,0.2806445885711581
ISIC_3580083,0,benign,0.098642,0,0.162251,0,True,TN,0.139,0.261,0.373,760.4,0.7982,0.0334,0.9113069947695418,3.547466516494751,3.437213897705078,0.001939023887124,0.0,0.0,55.65028381347656,0.9414612629274152,0.2281690379170187,0.7787670101787283,0.2690056033650683
ISIC_9689764,0,benign,0.098853,0,0.17773,0,True,TN,0.238,0.249,0.099,535.2,0.8317,0.0164,0.5505276771422498,1.373944878578186,5.212071418762207,0.0,0.0,0.0,16.29134178161621,0.9467375575293132,0.1990666403157851,0.6613658559518473,0.1893369265136567
ISIC_1861580,0,benign,0.098938,0,0.151578,0,True,TN,0.185,0.288,0.098,792.0,0.7059,0.0396,1.4452364863931355,1.5643657445907593,2.6689178943634038,0.0,0.0,0.0,6.977882385253906,0.9480072371209002,0.2436900595221702,0.6834949168498368,0.2801846894596713
ISIC_7311296,0,benign,0.098985,0,0.085398,0,True,TN,0.06,0.141,0.307,733.3,0.86,0.0301,1.2429066744393251,2.970362901687622,3.846226453781128,0.0316649336650534,0.0,0.0,38.76482009887695,0.9880555233428352,0.320851197834771,0.4286252657923906,0.2098380801578656
ISIC_9283037,0,benign,0.09952,0,0.21381,0,True,TN,0.176,0.259,0.494,526.3,0.873,0.0168,0.7569139407791488,1.8096773624420168,5.561386585235596,0.0,0.15,0.12,49.18999099731445,0.9483761727444084,0.2365073536006731,0.705017937973617,0.1861883864427083
ISIC_5046410,0,benign,0.099904,0,0.14514,0,True,TN,0.122,0.156,0.431,428.5,0.6247,0.014,1.2740822897862405,2.5005457401275635,3.61609959602356,0.0,0.0,0.0,37.69795227050781,0.9793578690398936,0.2101239008910651,0.5679232777745893,0.1515898225170065
ISIC_6631462,0,benign,0.100426,0,0.150419,0,True,TN,0.098,0.186,0.365,243.3,0.8862,0.1334,0.6804415953824376,2.366894483566284,4.127703666687012,0.0,0.0334379426222678,0.0,58.51274871826172,0.9782492496196702,0.3502539394423233,0.5539948600652802,0.4682310683127865
ISIC_6900593,0,benign,0.100733,0,0.192962,0,True,TN,0.234,0.263,0.155,588.1,0.7886,0.0194,1.0610805467765312,2.8744149208068848,5.740561485290527,0.0,0.15,0.0,32.26887512207031,0.9596382281017244,0.1915644447100372,0.7687131028272308,0.2080512826656978
ISIC_8752021,0,benign,0.100734,0,0.149324,0,True,TN,0.128,0.202,0.321,927.0,0.8932,0.0637,1.07708474579349,2.912704467773437,6.061036586761475,0.0,0.0,0.0052778426818038,84.97058868408203,0.9665537619527284,0.2325252267855508,0.5411031681914764,0.3279434433448425
ISIC_3771248,0,benign,0.101546,0,0.153065,0,True,TN,0.206,0.254,0.131,422.7,0.8022,0.0114,0.920754208142836,2.352393627166748,4.549046039581299,0.0,0.0,0.0,29.963054656982425,0.9391839155817802,0.2643894884104014,0.6480087172306682,0.1495379649426806
ISIC_0925325,0,benign,0.101783,0,0.113008,0,True,TN,0.126,0.231,0.223,625.9,0.9096,0.0262,1.5506246462790865,2.809786319732666,4.887561798095703,0.0,0.0,0.0,42.28424453735352,0.9543499759051554,0.234550771748788,0.6594296510423729,0.2214237337535458
ISIC_5212679,0,benign,0.102535,0,0.229252,0,True,TN,0.198,0.45,0.293,583.8,0.3296,0.02,1.6427253933845676,2.098100185394287,5.435332298278809,0.0,0.0,0.0,20.124711990356445,0.9333781431703644,0.4572035630480756,0.6790208007455423,0.2065300779123183
ISIC_6444362,0,benign,0.102937,0,0.084594,0,True,TN,0.089,0.143,0.24,271.7,0.7087,0.0056,1.273736990221029,4.186506748199463,6.511088848114014,0.0867054590680939,0.15,0.0,44.34912872314453,0.9888010977580064,0.1854500071320049,0.5569389925692162,0.0961189143007483
ISIC_5729818,0,benign,0.103077,0,0.180825,0,True,TN,0.166,0.223,0.388,551.4,0.71,0.0178,1.1513857728476198,4.215982913970947,5.400305271148682,0.0039359010402024,0.15,0.0,56.46574401855469,0.9750902912387373,0.1750070032936587,0.6314003206279664,0.1950679769798772
ISIC_5818405,0,benign,0.103225,0,0.118009,0,True,TN,0.088,0.159,0.431,461.3,0.6959,0.0144,2.084738934413746,2.240297555923462,7.755300998687744,0.0,0.15,0.0,63.77910614013672,0.9877580071174378,0.1628631989008592,0.6426886067527492,0.1631934308683666
ISIC_3807635,0,benign,0.104984,0,0.1635,0,True,TN,0.155,0.224,0.352,670.2,0.8724,0.0301,1.3218889044234938,2.773446083068848,2.9601614475250244,0.1081825890333521,0.0,0.0,44.40131378173828,0.9686511953032352,0.3038083956477594,0.6199868921212743,0.2370956803988279
ISIC_6217950,0,benign,0.105081,0,0.183525,0,True,TN,0.146,0.234,0.491,614.0,0.8883,0.0232,0.6445578584154762,3.029221773147583,5.023621082305908,0.0183048106724161,0.0,0.0,47.369850158691406,0.9575840338311964,0.2266192284103007,0.7013777556843931,0.2172138880407048
ISIC_4595996,0,benign,0.10584,0,0.077769,0,True,TN,0.083,0.152,0.167,559.2,0.7837,0.0205,1.4184469957618462,3.445125102996826,5.304808616638184,0.0,0.15,0.12,23.073028564453125,0.9823623248925246,0.1819933044001413,0.6866186796861896,0.1978273716487982
ISIC_8596479,0,benign,0.106177,0,0.158541,0,True,TN,0.139,0.198,0.358,591.3,0.4646,0.0213,0.8304433196885268,3.6409013271331783,4.525182723999023,0.0527148748904224,0.15,0.0,47.61533737182617,0.9742493099667,0.19865111996909,0.673201799053431,0.20918334201705
ISIC_9084060,0,benign,0.106402,0,0.128001,0,True,TN,0.147,0.238,0.259,385.5,0.8154,0.0086,1.3199683690407775,3.639904975891113,5.495175361633301,0.1955416049059784,0.0,0.0,55.89592742919922,0.953663214422708,0.2217227052201035,0.8018528386902439,0.1363777749832112
ISIC_2605118,0,benign,0.107195,0,0.099947,0,True,TN,0.119,0.196,0.138,623.1,0.842,0.0414,0.8546692896052618,1.8377900123596191,5.81441593170166,0.0,0.0,0.0,18.70455741882324,0.963448632145284,0.1921602478096542,0.6374066611805381,0.2781554516144809
ISIC_1475363,0,benign,0.107572,0,0.271171,1,True,TN,0.164,0.264,0.495,1432.9,0.8843,0.1035,0.9550210986011932,1.5484319925308228,2.9821970462799072,0.0,0.0,0.0,26.057771682739254,0.9784018021426236,0.1655516498660507,0.8447733018196414,0.5069149514226806
ISIC_8644015,0,benign,0.108554,0,0.238294,0,True,TN,0.208,0.258,0.467,407.6,0.8448,0.0104,0.3866608773130008,2.761569738388061,4.569664478302002,0.0003861050447037,0.0,0.0,35.85496520996094,0.9452296110126066,0.2637034094745745,0.6957176724278683,0.1441960598784874
ISIC_1603509,0,benign,0.108822,0,0.072921,0,True,TN,0.06,0.149,0.215,791.4,0.8081,0.0157,1.5002292989499642,2.4198479652404785,6.487693786621094,0.0001276062920535,0.0,0.0,29.92881965637207,0.9802952704468252,0.2027848853355062,0.4888151079594769,0.1615438485365506
ISIC_4965308,0,benign,0.109242,0,0.234127,0,True,TN,0.241,0.427,0.131,1133.9,0.8131,0.0465,1.036117908447562,2.212178945541382,5.960104465484619,0.0,0.0,0.0,26.26793670654297,0.9210409910413638,0.1932176799968544,0.9220161598647711,0.4011381557807087
ISIC_4753918,0,benign,0.109299,0,0.17124,0,True,TN,0.147,0.244,0.39,165.1,0.7626,0.0507,0.9337499717725068,1.5205539464950562,3.887421369552612,0.0,0.0,0.12,39.72852325439453,0.9428112000559304,0.2781593528850061,0.7802704336235339,0.317735098144024
ISIC_1467266,0,benign,0.109478,0,0.118103,0,True,TN,0.144,0.185,0.197,515.6,0.7589,0.0171,1.820750067323452,2.95829176902771,6.12558650970459,0.0338978097923759,0.15,0.0,26.91958999633789,0.9856803376821608,0.1658162146809046,0.7359446246971375,0.1824030629866244
ISIC_8723719,0,benign,0.11032,0,0.123447,0,True,TN,0.094,0.213,0.302,186.7,0.5972,0.0758,0.951255585898838,1.6755214929580688,5.237512588500977,0.0,0.0,0.0,35.036861419677734,0.9662465387186098,0.3104673422053949,0.6030520598275319,0.359304317525677
ISIC_9048840,0,benign,0.110903,0,0.108943,0,True,TN,0.089,0.146,0.387,521.5,0.8855,0.0228,1.1050765841764805,2.244984865188598,7.851867198944092,0.0,0.15,0.12,66.7256088256836,0.9840879247289656,0.2291482266466996,0.283378039283231,0.18449029741568
ISIC_4575967,0,benign,0.111007,0,0.18657,0,True,TN,0.172,0.283,0.386,454.7,0.7991,0.0193,1.003091868953161,2.821878671646118,2.4397597312927246,0.0,0.0,0.0,29.8546199798584,0.9304472147490546,0.2553258695086446,0.7247525374900388,0.2029807155337898
ISIC_4986451,0,benign,0.112426,0,0.11894,0,True,TN,0.088,0.15,0.454,381.7,0.7599,0.0155,0.9897798159676868,2.8449525833129883,2.329684019088745,0.4052585496497733,0.0,0.0,30.69498062133789,0.9921859939081598,0.1620740435610564,0.6254808280659923,0.1703930924109249
ISIC_6403341,0,benign,0.1138,0,0.207491,0,True,TN,0.185,0.377,0.347,155.5,0.6233,0.0335,1.1966631314043563,5.054040431976318,4.562596797943115,0.0,0.0,0.0212084391914282,48.74781799316406,0.9358981162111966,0.3812076595867095,0.8708770748154573,0.299259889529956
ISIC_0275783,0,benign,0.114417,0,0.11893,0,True,TN,0.064,0.142,0.456,835.5,0.9066,0.0603,1.2405115094771335,2.7694454193115234,4.046148300170898,0.0,0.0,0.12,63.15131759643555,0.9820164751106544,0.1880982274908072,0.2807921794770227,0.2955736212671154
ISIC_8431340,0,benign,0.115324,0,0.09423,0,True,TN,0.093,0.143,0.217,634.7,0.7134,0.0323,0.8549380041679961,4.371288299560547,3.93649959564209,0.128737557631384,0.0,0.0,35.660518646240234,0.9863189520213648,0.1418007062084889,0.5004423383797887,0.2245368969697644
ISIC_5118254,0,benign,0.115735,0,0.122214,0,True,TN,0.108,0.241,0.364,456.0,0.7929,0.014,1.1858507797819342,4.058149337768555,3.2658345699310303,0.0022897827389737,0.0,0.0,42.49175262451172,0.9320857810889404,0.2202471007666537,0.7377580554672266,0.1613184575676895
ISIC_3831079,0,benign,0.116122,0,0.177633,0,True,TN,0.129,0.267,0.452,928.9,0.9189,0.0505,1.1324497241115297,2.9123966693878174,6.304952621459961,0.0010308333147485,0.15,0.0,48.80665588378906,0.9578570961081924,0.1780916117815798,0.8232558250430059,0.3286156035847079
ISIC_8509634,0,benign,0.116274,0,0.172464,0,True,TN,0.092,0.25,0.2,376.4,0.9199,0.2662,0.3306503631378058,4.3456711769104,4.657647132873535,0.0,0.0,0.5868306801736614,85.48442840576172,0.9661224517412396,0.3200075331294729,0.6950263629869641,0.7243821377432504
ISIC_1651006,0,benign,0.116835,0,0.140168,0,True,TN,0.11,0.197,0.486,422.3,0.8902,0.014,1.6269983193326223,1.8554812669754028,5.089648723602295,0.0,0.15,0.0,41.702178955078125,0.9673490654104162,0.2321109865071176,0.380530188544436,0.1493964575237616
ISIC_0848012,0,benign,0.117366,0,0.133255,0,True,TN,0.109,0.252,0.306,932.8,0.7824,0.0511,2.0692410958935814,2.207263708114624,7.269412517547607,0.0,0.0,0.0,38.20967102050781,0.9726431821223068,0.1586019933372354,0.8312729479881219,0.3299953009191684
ISIC_2641026,0,benign,0.117557,0,0.15236,0,True,TN,0.136,0.161,0.41,344.1,0.5449,0.0091,1.9830368660961868,2.1368000507354736,6.656824111938477,0.0,0.15,0.12,68.4913558959961,0.9784339658290372,0.1803721114736926,0.476664178185972,0.121731757125092
ISIC_6386485,0,benign,0.1184,0,0.164336,0,True,TN,0.136,0.19,0.286,1155.6,0.9346,0.097,1.263832970547627,2.6624343395233154,3.1301510334014893,0.0,0.0,0.0,38.68791198730469,0.9766961609070696,0.1622750629474869,0.6128654707230914,0.4088149332570658
ISIC_6627142,0,benign,0.118878,0,0.117778,0,True,TN,0.108,0.204,0.298,816.1,0.7996,0.0277,1.4848240549202194,2.887873649597168,3.5189151763916016,0.0253232663052154,0.0,0.0,18.98853874206543,0.9701074371844842,0.3121061336270926,0.7309444963332742,0.233531784013138
ISIC_9973379,0,benign,0.11908,0,0.237236,0,True,TN,0.159,0.326,0.222,395.9,0.9238,0.2281,1.4325410913547356,4.112477779388428,5.533192157745361,0.0,0.0,0.8283051342837658,127.02745056152344,0.9517991605734264,0.3345112842941111,0.8322823539929645,0.7619099052405761
ISIC_4727454,0,benign,0.119758,0,0.221882,0,True,TN,0.215,0.305,0.302,767.9,0.8659,0.031,1.3759776541159998,2.3990190029144287,5.398931980133057,0.0,0.15,0.0,42.462677001953125,0.9417641655893568,0.2336757262704694,0.8095045231680511,0.2716588674698
ISIC_2502377,0,benign,0.119972,0,0.167665,0,True,TN,0.165,0.189,0.36,523.0,0.805,0.0207,1.7754677713083704,3.261796236038208,4.12186336517334,0.0,0.0,0.0,54.39001083374024,0.971106818826198,0.2280169036916758,0.5324608788762438,0.1850209502366264
ISIC_8002685,0,benign,0.120157,0,0.139251,0,True,TN,0.088,0.16,0.526,514.9,0.6415,0.0182,1.4006036615407118,3.883563041687012,6.282654762268066,0.0,0.15,0.12,56.37911224365234,0.9851426240097916,0.1639893216054494,0.7094729556313737,0.1821554250035161
ISIC_6688399,0,benign,0.120659,0,0.212633,0,True,TN,0.193,0.289,0.372,714.0,0.8334,0.0259,1.5122317773729388,2.887378215789795,5.071831703186035,0.0,0.15,0.0,56.575626373291016,0.9394155576271302,0.2161774361619875,0.8075080349116887,0.2525907427704613
ISIC_3233147,0,benign,0.121184,0,0.111164,0,True,TN,0.142,0.169,0.136,260.1,0.3104,0.0052,1.2706809618095898,2.685676097869873,4.67738676071167,0.0,0.15,0.0,26.90180969238281,0.9657001081792954,0.2675655516158255,0.4501825103350617,0.0920151991520966
ISIC_7039745,0,benign,0.121253,0,0.178339,0,True,TN,0.131,0.197,0.48,508.3,0.3231,0.011,0.792666312723501,2.872932910919189,4.8297295570373535,0.0,0.0,0.0,30.674829483032227,0.9678013782274948,0.2416754594705164,0.721165517182254,0.1454530153337557
ISIC_7256008,0,benign,0.121802,0,0.149404,0,True,TN,0.149,0.184,0.293,174.2,0.9359,0.0701,1.0001945534806624,3.213655471801758,6.824273109436035,0.0,0.15,0.1682608465888072,65.71760559082031,0.973805494076292,0.2050210275382963,0.5526929105192977,0.3352480563094426
ISIC_4205013,0,benign,0.121941,0,0.179196,0,True,TN,0.17,0.271,0.329,739.1,0.8463,0.0323,1.1431145981283448,3.548649787902832,5.8205742835998535,0.0,0.15,0.0,53.34255599975586,0.9564147653524124,0.3798862542434596,0.729571961544408,0.2614703333076301
ISIC_2703002,0,benign,0.122712,0,0.190394,0,True,TN,0.173,0.339,0.241,1222.2,0.8908,0.0675,1.3049519013937003,2.250946044921875,5.504217147827148,0.0,0.0,0.0,27.6284236907959,0.946312777711852,0.2124988547969503,0.8399910058105562,0.4323759185070837
ISIC_3545744,0,benign,0.122754,0,0.176168,0,True,TN,0.101,0.238,0.287,341.0,0.9249,0.2156,0.6540376114665887,2.766196250915528,3.324768304824829,0.0,0.0,0.0,58.55485534667969,0.9543435177539225,0.2637811037344598,0.7013012265924949,0.6562548059788746
ISIC_4485499,0,benign,0.123103,0,0.221282,0,True,TN,0.202,0.199,0.465,340.1,0.8678,0.0086,1.2994126378501745,2.060845375061035,7.737339973449707,0.0,0.15,0.12,70.24353790283203,0.9667809383499548,0.1958532408194281,0.4732477469177016,0.1203166829359018
ISIC_9076510,0,benign,0.123221,0,0.170708,0,True,TN,0.189,0.274,0.197,867.7,0.8996,0.0411,1.034649404520034,3.551330089569092,3.725374221801758,0.0125782330751464,0.0,0.0,33.44986724853516,0.944491033089164,0.195872177334838,0.7008595207664928,0.3069649684900969
ISIC_3199719,0,benign,0.123869,0,0.210606,0,True,TN,0.231,0.236,0.236,364.0,0.5824,0.014,0.5978242787873412,2.0541999340057373,5.2903971672058105,0.0,0.0,0.0,23.945507049560547,0.964718807653241,0.3171789922463996,0.3626177541612626,0.1624917098181207
ISIC_5472470,0,benign,0.123948,0,0.097312,0,True,TN,0.098,0.115,0.261,363.7,0.5329,0.0105,0.8257854826204879,2.484486818313598,2.9502642154693604,0.373990913752191,0.0,0.0,22.21367073059082,0.9930639486077292,0.172865784144277,0.448540263308562,0.1286656206521243
ISIC_8632387,0,benign,0.123975,0,0.171074,0,True,TN,0.187,0.224,0.263,588.9,0.7994,0.0232,0.7307903918336742,2.8795416355133057,5.413309097290039,0.0,0.15,0.12,36.459659576416016,0.949359231902422,0.17583538141627,0.7112706662929784,0.2083342975035359
ISIC_0558656,0,benign,0.12462,0,0.104883,0,True,TN,0.04,0.145,0.338,1260.0,0.9213,0.1101,1.900969251560028,3.7669661045074463,3.448085069656372,0.0002182760737591,0.0,0.0,46.820579528808594,0.9922899847212304,0.1291949174178814,0.7064834226023791,0.4457483695949316
ISIC_7078501,0,benign,0.125649,0,0.197907,0,True,TN,0.109,0.26,0.591,944.1,0.8376,0.056,1.295474858691766,2.8173727989196777,4.714426517486572,0.0,0.0,0.12,61.21843338012695,0.9596623232436248,0.3757597409389576,0.7638710204734136,0.3339928855036309
ISIC_6968683,0,benign,0.125993,0,0.195832,0,True,TN,0.149,0.253,0.489,652.6,0.8591,0.0356,1.0498702904746575,3.926870107650757,3.983942031860352,0.0014312150232851,0.0,0.0,36.99373626708984,0.958815851443181,0.1775995610358204,0.7599623727261684,0.291324422602488
ISIC_3987802,0,benign,0.126163,0,0.14569,0,True,TN,0.14,0.143,0.32,433.8,0.3642,0.0145,1.627943488046261,1.8042664527893064,2.7151763439178467,0.0,0.0,0.0,20.422758102416992,0.981215125239614,0.2115221635878338,0.4004377783395236,0.1534647958176836
ISIC_0614911,0,benign,0.126453,0,0.157181,0,True,TN,0.131,0.178,0.442,619.5,0.8623,0.0282,1.4695412651081436,2.630281925201416,10.648761749267578,0.0,0.15,0.12,95.35782623291016,0.9771127143372776,0.2087383855391108,0.6512307114287035,0.2191596150508414
ISIC_9465773,0,benign,0.12685,0,0.234944,0,True,TN,0.172,0.394,0.348,1476.1,0.9029,0.0799,1.372999086693129,3.589874505996704,5.233061790466309,0.0142320666251147,0.0,0.0,32.35920333862305,0.9514150087478972,0.1776890069272862,0.9336775152568736,0.5221977526659354
ISIC_4850167,0,benign,0.128102,0,0.16456,0,True,TN,0.176,0.211,0.224,607.7,0.4573,0.0235,0.978423925176128,2.256007194519043,4.611789226531982,0.0,0.0,0.0,26.015644073486328,0.9604487496445306,0.2665628162027117,0.6352534359665907,0.2149851461927301
ISIC_6751710,0,benign,0.128195,0,0.125789,0,True,TN,0.088,0.218,0.294,1150.1,0.7467,0.0743,1.2636506001381689,2.346279621124268,5.611252307891846,0.0,0.15,0.0,26.08498191833496,0.9787323144425822,0.2743953631147334,0.7695491029452004,0.4068692062469292
ISIC_0908255,0,benign,0.128416,0,0.1449,0,True,TN,0.136,0.224,0.251,223.4,0.9412,0.0986,1.7250416166256886,2.556436538696289,4.742159366607666,0.0,0.0,0.0,58.71085739135742,0.9545849945632476,0.2359253186090213,0.683425745482707,0.4299335004565413
ISIC_8653978,0,benign,0.129219,0,0.139355,0,True,TN,0.086,0.179,0.434,960.8,0.8798,0.0692,1.7177299827615624,3.5237250328063965,3.449665307998657,0.0,0.0,0.12,61.58568954467773,0.9756691470850368,0.2672347032967243,0.5920253818510084,0.3399008202435002
ISIC_6731294,0,benign,0.129662,0,0.137777,0,True,TN,0.138,0.177,0.317,784.4,0.7693,0.0154,0.7427567678360958,3.3876595497131348,5.307703018188477,0.0,0.15,0.0,30.23021125793457,0.9702199733013936,0.2026693867940658,0.4853886191161766,0.1601149795199271
ISIC_1097830,0,benign,0.130325,0,0.184417,0,True,TN,0.171,0.182,0.214,1194.5,0.924,0.1038,0.4622402815670088,2.1175246238708496,4.54752254486084,0.0,0.0,0.0,25.533153533935547,0.9761593864417016,0.1430209185548972,0.5920380813007625,0.4225765297469411
ISIC_7243195,0,benign,0.130442,0,0.201677,0,True,TN,0.119,0.326,0.263,393.0,0.9307,0.2258,1.8852577632022616,3.713940143585205,5.5523552894592285,0.0,0.0,0.3982022177022505,89.12149047851562,0.963512426638636,0.3407602634449891,0.8564163137046222,0.7563288526384098
ISIC_2031349,0,benign,0.131015,0,0.119704,0,True,TN,0.102,0.231,0.259,213.6,0.9114,0.0929,1.0979104717560948,4.263585090637207,6.366273403167725,0.0,0.0,0.4420700103659995,70.78630828857422,0.9571963410397932,0.2595433148225994,0.6854082031292251,0.4110733916630135
ISIC_4174672,0,benign,0.131177,0,0.115305,0,True,TN,0.105,0.253,0.309,152.7,0.8576,0.0424,2.0254617420466503,3.269941091537476,6.311322212219238,0.0,0.15,0.0,45.46360397338867,0.9572984008166044,0.3098462666272096,0.7621629876680193,0.2938712870175194
ISIC_0743395,0,benign,0.131193,0,0.17966,0,True,TN,0.199,0.278,0.253,567.5,0.8278,0.016,1.5938173970992242,4.740071296691895,5.91649866104126,0.0,0.15,0.0,43.614505767822266,0.952133062468258,0.1919519587778114,0.8424039059705651,0.200763650591368
ISIC_3157385,0,benign,0.131509,0,0.118366,0,True,TN,0.103,0.204,0.381,355.6,0.7737,0.0129,1.6466163515639145,2.7855961322784424,6.079914569854736,0.001235254153542,0.15,0.0,23.6262149810791,0.9655661439183612,0.2366721884534288,0.7172833028085615,0.1587419011300103
ISIC_8988016,0,benign,0.132691,0,0.180933,0,True,TN,0.134,0.239,0.467,772.4,0.8507,0.0445,0.9883236640000294,3.219508647918701,4.3016510009765625,0.0,0.0,0.0,54.41207885742188,0.947942066649555,0.2542968938863179,0.593572838838508,0.273250825932639
ISIC_0511862,0,benign,0.133256,0,0.13689,0,True,TN,0.102,0.199,0.482,542.5,0.9014,0.02,1.8776758290096227,3.063093423843384,5.770527362823486,0.0,0.15,0.12,51.43757629394531,0.9679980750721848,0.2433351484350426,0.6361248946432304,0.1919194369089289
ISIC_2589886,0,benign,0.133712,0,0.181198,0,True,TN,0.175,0.206,0.339,1026.3,0.8405,0.021,2.0452926411628383,4.0290069580078125,6.228309631347656,0.0002538654988853,0.0,0.12,58.367130279541016,0.9819239768422308,0.2013040966664773,0.7442101750354151,0.2094926102515313
ISIC_0156642,0,benign,0.133824,0,0.187436,0,True,TN,0.161,0.295,0.369,771.1,0.7521,0.0342,0.7045010509834714,2.903465509414673,2.722209930419922,0.0042165521633621,0.0,0.0,30.70139503479004,0.9177307665732471,0.2567319630314431,0.8060873180034848,0.2727909268211522
ISIC_9151820,0,benign,0.134614,0,0.193092,0,True,TN,0.153,0.203,0.553,271.9,0.8016,0.0077,2.337701834744025,3.546509265899658,8.824666976928711,0.0,0.15,0.12,79.8773193359375,0.980139408538773,0.1982224687035199,0.7221107018606401,0.1213777359877665
ISIC_5847334,0,benign,0.135105,0,0.139672,0,True,TN,0.114,0.141,0.48,440.3,0.8883,0.0163,1.8471643771443296,3.559833526611328,4.677443027496338,0.0,0.15,0.12,61.84324645996094,0.9846577214325029,0.1662692746803439,0.2416950227745079,0.1557642913751178
ISIC_1412976,0,benign,0.135151,0,0.115407,0,True,TN,0.071,0.126,0.533,290.7,0.7518,0.0067,2.052356427828184,3.4233901500701904,6.163145542144775,0.0002968074647077,0.15,0.12,67.16960144042969,0.9840050007354024,0.196039863101207,0.394553535860124,0.102840516699402
ISIC_9931935,0,benign,0.135249,0,0.180079,0,True,TN,0.107,0.242,0.242,362.1,0.926,0.2329,0.7315336140200293,2.873345375061035,4.110228061676025,0.0,0.0,0.0091605967110913,48.75281524658203,0.9599784747847478,0.2350696528482723,0.7721334984181426,0.6968617749118783
ISIC_3012778,0,benign,0.135835,0,0.201114,0,True,TN,0.127,0.283,0.417,1333.6,0.8467,0.0954,1.3578113040719522,2.6909375190734863,5.155725955963135,0.0044272746353237,0.0,0.0,63.81196212768555,0.953546087290038,0.2892049804726694,0.8016047092992286,0.4717857346760323
ISIC_0178370,0,benign,0.138367,0,0.192838,0,True,TN,0.143,0.341,0.393,1083.8,0.8086,0.0549,0.8307515024404885,3.914395570755005,6.05082368850708,0.0,0.15,0.12,46.712284088134766,0.9379600950108584,0.2763388116696201,0.8786806162284403,0.3834143515611007
ISIC_0188232,0,benign,0.138651,0,0.14614,0,True,TN,0.159,0.241,0.255,528.7,0.7397,0.0211,0.7400013125435932,3.7409439086914062,4.516737937927246,0.0,0.0,0.12,46.59885025024414,0.9401565948590562,0.260826710040631,0.3641751424125788,0.1870374309562225
ISIC_2778083,0,benign,0.138754,0,0.166351,0,True,TN,0.089,0.183,0.309,309.5,0.9321,0.2189,0.5556878696259395,3.063798189163208,5.181196212768555,0.0,0.0,0.0,61.15860748291016,0.9704494168409392,0.2001438121626812,0.5504230433846983,0.5956330277139639
ISIC_2663709,0,benign,0.138929,0,0.349489,1,True,TN,0.278,0.443,0.358,843.5,0.8226,0.0391,0.8364914703848199,2.8870275020599365,3.98731541633606,0.0,0.0,0.12,48.75825500488281,0.9022120176150192,0.4609018006021818,0.7568399481148429,0.2984037696454959
ISIC_8375567,0,benign,0.139689,0,0.18118,0,True,TN,0.165,0.21,0.392,585.4,0.8761,0.0336,1.380847507804413,3.610522747039795,4.237030029296875,0.0,0.0,0.0,51.21372985839844,0.9614419303725402,0.240491883291135,0.5397126884918754,0.2391339869281045
ISIC_5553918,0,benign,0.139896,0,0.150082,0,True,TN,0.162,0.238,0.269,594.3,0.786,0.0195,1.481105378423328,3.536116600036621,7.673201084136963,0.000411160436087,0.15,0.0,39.48794174194336,0.9629852842040516,0.2263761921886306,0.7908233981758291,0.2102446476589427
ISIC_0340256,0,benign,0.141324,0,0.164456,0,True,TN,0.125,0.274,0.372,878.7,0.9001,0.0695,1.5935804125498905,4.107332706451416,3.5498805046081543,0.0796876299987663,0.0,0.0,35.61613464355469,0.9686705980573485,0.3118197551833509,0.7444935345099131,0.3922567731241284
ISIC_3083366,0,benign,0.141404,0,0.17144,0,True,TN,0.168,0.237,0.275,699.4,0.5892,0.0326,0.6209608592901361,3.2560184001922607,3.523680686950684,0.0256927397265536,0.0,0.0,36.8701171875,0.9358342592458984,0.1984723371159865,0.646346051366867,0.2474257219799168
ISIC_1533487,0,benign,0.141493,0,0.149219,0,True,TN,0.12,0.166,0.49,366.6,0.7467,0.0093,1.577232322146901,2.4409339427948,7.470147609710693,0.0,0.15,0.0,41.74390411376953,0.9751414434127782,0.2051180404001132,0.6622823753845571,0.1296915494392872
ISIC_6730858,0,benign,0.141511,0,0.139932,0,True,TN,0.137,0.26,0.252,888.1,0.856,0.0451,1.7989354455102742,2.723866701126098,5.953274726867676,0.003019521428056,0.0,0.0,37.241119384765625,0.9515079928387554,0.1898838034350653,0.7390809633483681,0.3141818468549673
ISIC_1932488,0,benign,0.141821,0,0.218515,0,True,TN,0.192,0.146,0.48,363.2,0.7582,0.0154,1.5821511214941693,3.0895769596099854,2.7237002849578857,0.0092869672892374,0.0,0.0,34.63511276245117,0.9837391110118384,0.1834097955713285,0.4820350470203352,0.1621345851811578
ISIC_5728052,0,benign,0.143232,0,0.203654,0,True,TN,0.174,0.282,0.211,273.1,0.9199,0.1544,1.7776711421353044,2.936573982238769,3.5779502391815186,0.0,0.0,0.4298877051540455,77.63644409179688,0.9444171344300528,0.3545407331334384,0.5976351146226895,0.5255811950522894
ISIC_3567510,0,benign,0.143322,0,0.132874,0,True,TN,0.169,0.194,0.097,541.9,0.3491,0.0207,1.2102735620643936,2.782100915908813,5.085884094238281,0.0,0.0,0.0,25.236873626708984,0.9639010308553962,0.2658068091264303,0.5107140093613077,0.1917071757805503
ISIC_6134155,0,benign,0.144213,0,0.121018,0,True,TN,0.131,0.143,0.189,520.4,0.2559,0.0206,1.7679680077965745,2.495205879211426,6.1983256340026855,0.0,0.15,0.0,33.75174331665039,0.986752232075574,0.162708184487902,0.4720559462980348,0.1841011520136527
ISIC_0446437,0,benign,0.144307,0,0.241516,0,True,TN,0.144,0.318,0.406,1667.6,0.9152,0.1259,1.7259847764485563,3.455380439758301,6.114704608917236,0.0,0.15,0.12,90.4018783569336,0.9591638937532304,0.2824654798068257,0.8533617011739065,0.5899444294734191
ISIC_0410311,0,benign,0.144366,0,0.167419,0,True,TN,0.168,0.256,0.272,464.2,0.4017,0.015,0.1554318192107837,2.843959331512451,2.943960905075073,0.2938296523653833,0.0,0.0,17.162240982055664,0.9470044619464248,0.3415413000549515,0.6296871082966143,0.1642193596555295
ISIC_5895384,0,benign,0.144913,0,0.275887,1,True,TN,0.225,0.317,0.454,679.0,0.8439,0.0226,1.9044343202602336,3.066474914550781,7.789679050445557,0.0,0.15,0.12,84.95928192138672,0.9354177265129414,0.2217399580611343,0.8578023840055286,0.2402088436150465
ISIC_9545547,0,benign,0.146711,0,0.155224,0,True,TN,0.138,0.175,0.431,416.3,0.7549,0.0139,1.1260013981300556,3.2198173999786377,5.894088745117188,0.0,0.15,0.12,53.25239181518555,0.9662019211816186,0.2128982886838005,0.3524860497316969,0.1472738462399762
ISIC_4598375,0,benign,0.147068,0,0.26017,1,True,TN,0.194,0.406,0.465,748.0,0.6876,0.0247,0.7223777409355817,2.873576641082764,3.560858964920044,0.0002429494057862,0.0,0.12,47.267372131347656,0.8862867739006415,0.3707738491607875,0.8675688249866772,0.2646188733785785
ISIC_6634325,0,benign,0.148163,0,0.153659,0,True,TN,0.107,0.244,0.371,1148.5,0.8954,0.0765,1.769241586915634,3.66808557510376,5.3598408699035645,0.0,0.15,0.12,57.15206527709961,0.9648678746203874,0.247567356190762,0.7667141201717498,0.4063031765712531
ISIC_6060942,0,benign,0.14888,0,0.265967,1,True,TN,0.172,0.204,0.675,214.8,0.4025,0.0033,1.3705524942840055,1.9406776428222656,5.152572154998779,0.0,0.15,0.0,30.24267578125,0.9670549825628848,0.2165986760879837,0.6253723918361036,0.0759894839595169
ISIC_8566440,0,benign,0.148915,0,0.153545,0,True,TN,0.072,0.253,0.169,392.5,0.917,0.2786,1.6924552975426468,2.485832929611206,3.510929822921753,0.0,0.0,0.0,34.387657165527344,0.9734212994320848,0.3729763227100485,0.7264936699257417,0.7553666021897604
ISIC_5814432,0,benign,0.149109,0,0.22968,0,True,TN,0.168,0.162,0.575,461.0,0.5798,0.0148,1.5214637321896811,2.530701160430908,5.502861499786377,0.0,0.15,0.12,55.16831207275391,0.977283402543095,0.1903124899571238,0.6186488528721018,0.1630873003041773
ISIC_8873365,0,benign,0.149998,0,0.25804,1,True,TN,0.116,0.289,0.285,372.5,0.921,0.3257,0.9465610238384328,2.8757107257843018,2.97294545173645,0.0,0.0,0.0,63.27558135986328,0.9497212471608508,0.366567475906787,0.4937892485811226,0.7168765842437853
ISIC_8858877,0,benign,0.150504,0,0.192517,0,True,TN,0.125,0.296,0.494,1435.9,0.833,0.0366,1.4462296023336316,3.861360549926758,4.085942268371582,0.0054430561212763,0.0,0.0,30.854171752929688,0.9534556386793284,0.2856157512129533,0.7809566038028273,0.2931018601385305
ISIC_8784635,0,benign,0.152535,0,0.1935,0,True,TN,0.169,0.19,0.472,385.2,0.7377,0.0092,1.6733638768997117,3.095977544784546,3.291192054748535,0.0951419764872753,0.0,0.0,20.889354705810547,0.9723184083585196,0.218196860246378,0.6781538109431737,0.1362716444190219
ISIC_9105386,0,benign,0.152589,0,0.300641,1,True,TN,0.258,0.296,0.353,795.0,0.8059,0.0393,1.2982676185083513,2.731445789337158,3.393152952194214,0.0,0.0,0.0,46.14744567871094,0.9359138110461416,0.2851969612750332,0.6757401035158971,0.281245995101564
ISIC_4974820,0,benign,0.153938,0,0.119103,0,True,TN,0.142,0.16,0.212,527.7,0.7473,0.0194,1.5120245378322577,2.512486457824707,6.574001312255859,0.0,0.0,0.0,12.690435409545898,0.9755458680460336,0.1659533382023226,0.6405244883002287,0.1866836624089249
ISIC_8813701,0,benign,0.15413,0,0.146008,0,True,TN,0.163,0.176,0.279,546.2,0.8456,0.0199,1.58408691388603,1.9520727396011357,8.827627182006836,0.0,0.15,0.3800916337161865,54.341041564941406,0.9733222892028284,0.208390999700139,0.5357913599921743,0.1932283805339299
ISIC_6426316,0,benign,0.154299,0,0.092491,0,True,TN,0.05,0.125,0.423,590.3,0.868,0.0278,0.8280771449717743,3.184124231338501,4.053196907043457,0.4315850590284498,0.0,0.0,28.111452102661133,0.9915871359538536,0.12130756002364,0.5345975488144281,0.2088295734697524
ISIC_5484708,0,benign,0.155077,0,0.17872,0,True,TN,0.174,0.329,0.253,864.4,0.8031,0.0432,1.5298027585907024,4.02781343460083,5.223227024078369,0.0,0.15,0.12,54.53413391113281,0.9284542013299368,0.3430602532688385,0.7527506313277122,0.305797532284015
ISIC_0820559,0,benign,0.155949,0,0.260763,1,True,TN,0.2,0.201,0.558,317.9,0.6083,0.0109,0.8446281184491553,3.4040417671203613,5.152342796325684,0.0107875651445023,0.15,0.12,37.788230895996094,0.9676955061570446,0.1907614842082064,0.6106678511670416,0.1419124026131334
ISIC_4160844,0,benign,0.156496,0,0.21354,0,True,TN,0.187,0.251,0.441,484.8,0.7777,0.0154,1.8645015409201555,2.381807327270508,3.7292542457580566,0.0024748042136798,0.0,0.0,35.2940788269043,0.9357438174718627,0.2218493187524454,0.7379677898780119,0.1715069917298594
ISIC_0654269,0,benign,0.157056,0,0.173184,0,True,TN,0.138,0.196,0.372,1006.4,0.8305,0.0647,1.7759570721078803,2.617518663406372,7.8405985832214355,0.0004644771728822,0.15,0.0,60.55359649658203,0.9793109475018024,0.187551103877306,0.7123327320683487,0.3560326660002692
ISIC_0992261,0,benign,0.158934,0,0.152977,0,True,TN,0.15,0.331,0.178,1035.9,0.6359,0.0517,1.091446162745778,2.838864803314209,5.646561145782471,0.0,0.0,0.0,18.29878807067871,0.9259437267549456,0.2411981314970054,0.8641501294298384,0.3664688381455474
ISIC_9415945,0,benign,0.159138,0,0.247138,0,True,TN,0.205,0.309,0.353,1017.6,0.8122,0.0545,1.3224029021630035,2.2602744102478027,4.343640327453613,0.0,0.0,0.0,26.088573455810547,0.9390921970793216,0.2290953492005014,0.793857526313989,0.3599948737300019
ISIC_8559278,0,benign,0.159475,0,0.212698,0,True,TN,0.199,0.306,0.278,232.4,0.9002,0.0821,1.2816048404139102,5.385629653930664,5.273558139801025,0.0,0.0,0.0,49.59038925170898,0.9519462737171546,0.247702694610902,0.8264125898061592,0.4472540085322301
ISIC_0167803,0,benign,0.159922,0,0.200438,0,True,TN,0.098,0.302,0.184,442.1,0.9138,0.3071,1.6935047882061265,5.181554794311523,3.5688648223876958,0.0,0.0,0.8686029260996997,107.60633087158205,0.9551048326792764,0.3730779800333841,0.8050026244713043,0.8508218466957785
ISIC_5907979,0,benign,0.160426,0,0.173655,0,True,TN,0.138,0.257,0.394,814.0,0.7736,0.0466,1.207338481065681,3.2335071563720703,4.109572887420654,0.0,0.0,0.0,43.03726196289063,0.9427636636236,0.3045005075414281,0.5433181674140646,0.2879675975002177
ISIC_0951438,0,benign,0.160535,0,0.183666,0,True,TN,0.169,0.248,0.368,1057.2,0.9336,0.0233,1.723343940794333,2.640643358230591,4.637587070465088,0.0047886603378357,0.0,0.0,51.1685791015625,0.9303758456548086,0.2046590128726728,0.7187600434413606,0.215800046339198
ISIC_2172628,0,benign,0.165595,0,0.111738,0,True,TN,0.096,0.146,0.287,592.3,0.3376,0.0186,1.537839800696807,2.466362953186035,2.8267641067504883,0.0,0.0,0.0,11.68174934387207,0.9732558014321864,0.2117361510714719,0.2037073877094986,0.1694901062014234
ISIC_2308906,0,benign,0.16687,0,0.155509,0,True,TN,0.105,0.179,0.407,1017.3,0.8892,0.0823,1.3660787422558511,2.56182599067688,5.108442306518555,0.0,0.0,0.12,37.187984466552734,0.976257396779862,0.2527121940604646,0.5488543315099855,0.3598887431658126
ISIC_8236943,0,benign,0.168211,0,0.169446,0,True,TN,0.176,0.216,0.294,769.6,0.8882,0.0286,1.5994740922442274,4.3199238777160645,4.273645877838135,0.0026114295858936,0.0,0.0,43.089725494384766,0.9592236459878596,0.2381521404697089,0.4801622878729806,0.220225537282822
ISIC_8591741,0,benign,0.170756,0,0.129094,0,True,TN,0.112,0.189,0.368,630.2,0.8596,0.0311,1.615363333840952,3.9591119289398193,6.489690780639648,0.0129608399203523,0.15,0.12,56.25770950317383,0.9641347830147562,0.2305602222749377,0.5091406584888576,0.2229449385069253
ISIC_0867683,0,benign,0.170848,0,0.15575,0,True,TN,0.126,0.191,0.24,1248.9,0.8356,0.1089,1.546471541259628,2.8272502422332764,4.49868631362915,0.0,0.0,0.0,34.714378356933594,0.9810176453543052,0.3428764877648262,0.5969122120578472,0.4418215387199287
ISIC_7134169,0,benign,0.171079,0,0.28328,1,True,TN,0.196,0.356,0.52,889.0,0.7488,0.0373,1.6771512251357914,3.2688426971435547,4.796685695648193,0.0008590546372171,0.0,0.12,49.85781478881836,0.930039083785866,0.3165280424115073,0.8211892526243488,0.3145002385475351
ISIC_9088073,0,benign,0.171785,0,0.155335,0,True,TN,0.183,0.25,0.186,754.2,0.9122,0.0336,1.607368876750535,3.144089698791504,6.666616916656494,0.0,0.15,0.0,39.3965950012207,0.94149714040052,0.1862159977369929,0.7148972468484164,0.2668122383718234
ISIC_3210973,0,benign,0.172411,0,0.151338,0,True,TN,0.154,0.158,0.28,481.7,0.3953,0.0181,1.0867337275335844,2.4806060791015625,5.631697177886963,0.0,0.0,0.0,22.5894718170166,0.9765831179201234,0.1721179044108756,0.2128025729723404,0.1704103092332369
ISIC_7278376,0,benign,0.177115,0,0.29046,1,True,TN,0.249,0.337,0.239,265.2,0.921,0.1229,0.5720173898418943,2.9270808696746826,5.113018989562988,0.0,0.0,0.0,39.78920364379883,0.9265613985619624,0.3129636064124723,0.7337825609205436,0.5103776379636291
ISIC_7979899,0,benign,0.178466,0,0.332106,1,True,TN,0.261,0.415,0.343,1066.7,0.8477,0.0561,0.6658883677662765,2.2469482421875,3.550171136856079,0.0,0.0,0.0,60.92336654663086,0.8746422068641463,0.3308392921611534,0.7200319112487706,0.3773649094023124
ISIC_2024384,0,benign,0.178992,0,0.142667,0,True,TN,0.131,0.204,0.274,1021.8,0.4499,0.0233,1.4739003164743845,3.673290967941284,5.575806617736816,0.0101304684247112,0.15,0.0025446793150094,33.6427116394043,0.9613993520497904,0.2277030297029948,0.618505544676942,0.2085740515979876
ISIC_1027132,0,benign,0.179503,0,0.17774,0,True,TN,0.156,0.16,0.392,762.3,0.8703,0.0462,1.792435983441484,3.010965585708618,3.6919755935668954,0.0,0.0,0.0,34.80938720703125,0.979597401129192,0.2029215621699225,0.3467483069354336,0.2696777636049336
ISIC_5548532,0,benign,0.180608,0,0.272485,1,True,TN,0.217,0.247,0.513,550.1,0.7989,0.0169,1.874274765663713,2.618258237838745,7.057426929473877,0.0,0.15,0.12,55.972015380859375,0.9513118294798713,0.1841250751966884,0.7659897618796551,0.1946080778683904
ISIC_8795038,0,benign,0.181568,0,0.164816,0,True,TN,0.155,0.159,0.424,466.9,0.8917,0.0171,2.1996576164493096,3.02393651008606,8.940486907958984,0.0001171405980027,0.15,0.12,87.6432113647461,0.9689647923206568,0.173321215413963,0.4323922016038443,0.1651745347332329
ISIC_6688890,0,benign,0.181657,0,0.116024,0,True,TN,0.117,0.173,0.228,592.7,0.4956,0.0273,1.0285522839877217,3.936652898788452,3.369718074798584,0.1636068200022886,0.0,0.0,20.41341209411621,0.9745886977798972,0.2459259223140689,0.2752283598851496,0.2096786179832666
ISIC_5872609,0,benign,0.182349,0,0.167168,0,True,TN,0.158,0.175,0.3,1130.6,0.6749,0.0327,1.0893025432480277,3.1344552040100098,5.144553184509277,0.0,0.0,0.0,30.955610275268555,0.9686575607081058,0.1965222773183395,0.4121835327386073,0.2307827585992217
ISIC_7835852,0,benign,0.182392,0,0.114417,0,True,TN,0.11,0.128,0.361,320.8,0.8017,0.0135,1.7545624952552263,5.138373851776123,5.611283779144287,0.0099387700772029,0.15,0.12,36.57884979248047,0.9881743837147732,0.1657191421029729,0.3926806651254848,0.143206979422124
ISIC_9175575,0,benign,0.182893,0,0.157809,0,True,TN,0.116,0.257,0.259,274.7,0.9467,0.1594,2.1197842821232973,2.8108344078063965,7.738789081573486,0.0,0.15,0.5175923774111085,86.71805572509766,0.951232290354583,0.3156405103674426,0.675385191267501,0.5286603964879673
ISIC_8111688,0,benign,0.18298,0,0.225422,0,True,TN,0.091,0.223,0.297,398.1,0.8897,0.3235,0.523581242050927,3.0403919219970703,3.479224920272827,0.0,0.0,0.0043509623641755,55.41011047363281,0.955470688905642,0.3308239421710744,0.6514153867942237,0.7661438072146334
ISIC_2902504,0,benign,0.183639,0,0.296222,1,True,TN,0.231,0.247,0.509,656.3,0.8912,0.0301,1.208453980487571,2.9792163372039795,4.308258056640625,0.0,0.0,0.12,52.776126861572266,0.94148293834202,0.2200002377967582,0.5447317064428959,0.2321782975913917
ISIC_9327577,0,benign,0.183913,0,0.310242,1,True,TN,0.243,0.295,0.443,693.1,0.623,0.027,0.3866513207450013,1.927314043045044,4.39919900894165,0.0,0.0,0.12,33.02399826049805,0.9163172074499238,0.2414032868139125,0.665981258470375,0.2451969801319421
ISIC_1607500,0,benign,0.186984,0,0.229141,0,True,TN,0.129,0.291,0.311,356.8,0.9222,0.2379,0.9246657813189468,4.189727306365967,4.1796979904174805,0.0,0.0,0.0047318120972511,69.38905334472656,0.9384839478562812,0.3429940348905541,0.7084985780227133,0.6866619201561949
ISIC_4141315,0,benign,0.189226,0,0.417611,1,True,TN,0.336,0.341,0.399,637.5,0.9081,0.0212,1.3291742468607557,2.099013328552246,6.614535331726074,0.0,0.15,0.12,75.95018768310547,0.9053364356212706,0.2236101608439739,0.7564099946555656,0.2255274489021975
ISIC_3669954,0,benign,0.190909,0,0.226898,0,True,TN,0.133,0.301,0.477,1616.1,0.8132,0.0836,1.6925469795943096,4.314244270324707,3.730399608612061,0.0740670390514468,0.0,0.0,30.014936447143555,0.969086331355856,0.2977985352447844,0.866662287464446,0.4624564589433064
ISIC_3485981,0,benign,0.190928,0,0.17273,0,True,TN,0.232,0.239,0.096,447.3,0.7735,0.0196,2.1185778814410154,1.570213794708252,6.956570148468018,0.0,0.0,0.0,12.63308048248291,0.9454834455003552,0.1998384662459316,0.7335518739581715,0.199677312641883
ISIC_6785041,0,benign,0.192674,0,0.224821,0,True,TN,0.138,0.168,0.597,974.4,0.7402,0.0498,0.6544355790606955,3.1649115085601807,2.23418402671814,0.0001840770099319,0.0,0.0,26.32499122619629,0.9626035904485128,0.225968180290924,0.4737281639966958,0.2788302540649451
ISIC_6701634,0,benign,0.192897,0,0.223916,0,True,TN,0.173,0.293,0.24,1378.8,0.3883,0.0904,0.5657262334555012,4.445870399475098,3.773056745529175,0.2558638937001823,0.0,0.0,13.441431045532228,0.9746355328356806,0.1895689450626228,0.8590296598581469,0.4877760730138823
ISIC_1965344,0,benign,0.193204,0,0.118545,0,True,TN,0.08,0.213,0.447,498.2,0.7223,0.0159,1.922536810730056,4.369056701660156,6.668624877929688,0.0,0.15,0.12,44.98737716674805,0.954345203656014,0.2484660752191108,0.6413937678911745,0.1762474902636467
ISIC_5315833,0,benign,0.194913,0,0.173225,0,True,TN,0.065,0.181,0.318,340.7,0.9312,0.2776,1.2352286813191278,3.347078323364258,3.141108274459839,0.0,0.0,0.0,49.01243209838867,0.96734966823783,0.2513119660417363,0.433517242500133,0.6556774557096849
ISIC_1561927,0,benign,0.196005,0,0.174841,0,True,TN,0.099,0.143,0.542,964.0,0.7542,0.0664,0.9810986179290212,3.6002392768859863,4.617964267730713,0.0537462014239126,0.0,0.12,40.42251205444336,0.9836211884389886,0.239864974151972,0.6152495064531947,0.3410328795948524
ISIC_2989365,0,benign,0.196468,0,0.317183,1,True,TN,0.18,0.317,0.272,457.8,0.9094,0.2816,1.821179844897912,3.518399477005005,3.8190016746521,0.0,0.0,0.12,59.26090621948242,0.967283045213192,0.296837533737502,0.8496767714324791,0.8810365107833689
ISIC_8544988,0,benign,0.196541,0,0.243552,0,True,TN,0.221,0.324,0.411,124.7,0.9106,0.0259,1.829808784798684,3.387136697769165,5.579648017883301,0.0,0.15,0.0,59.21366882324219,0.908168004777387,0.2838983400017763,0.7679998782102021,0.2399852618931544
ISIC_4116005,0,benign,0.197183,0,0.310752,1,True,TN,0.209,0.375,0.233,397.6,0.9153,0.2256,0.7605426799546394,2.386237621307373,3.670855760574341,0.0,0.0,0.0,42.20441436767578,0.9161851464276506,0.3341196054265187,0.8368460178908219,0.765181556765984
ISIC_9890254,0,benign,0.197746,0,0.211553,0,True,TN,0.192,0.263,0.322,178.9,0.6615,0.0612,1.1938266491710454,1.87654721736908,5.919254302978516,0.0,0.0,0.0,11.444485664367676,0.9534135135926024,0.3729002896841782,0.6498426211295516,0.3442932105267468
ISIC_5103342,0,benign,0.198009,0,0.319237,1,True,TN,0.261,0.29,0.474,440.2,0.8793,0.0195,1.5520021448335428,3.848935842514038,4.112364768981934,0.0,0.0,0.0,53.23495864868164,0.924664578115924,0.2273153268356536,0.6591999989391403,0.1965078314888372
ISIC_9922993,0,benign,0.1982,0,0.152448,0,True,TN,0.148,0.28,0.217,230.4,0.8542,0.0924,1.265608527090916,4.813628196716309,5.48020601272583,0.0,0.0,0.0,39.59437942504883,0.9383866428326932,0.2494318446079284,0.7033724172929419,0.4434050067376326
ISIC_1225078,0,benign,0.201311,0,0.332193,1,True,TN,0.267,0.358,0.422,721.8,0.8857,0.03,1.040861341091814,2.018305778503418,5.555800437927246,6.678409536768818e-05,0.15,0.12,63.98803329467773,0.8849901919703942,0.2362839683739176,0.7259476580548921,0.2553501374393822
ISIC_3691992,0,benign,0.2015,0,0.234477,0,True,TN,0.197,0.311,0.337,982.1,0.7052,0.0495,1.227434686569686,4.130497455596924,4.437248706817627,8.095363380623748e-05,0.0,0.12,40.38158798217773,0.9238632994289104,0.2149660332383961,0.8475174356733198,0.3474360903009384
ISIC_5728294,0,benign,0.201785,0,0.164061,0,True,TN,0.075,0.167,0.235,341.1,0.9364,0.2817,1.4146884625051608,6.364854335784912,5.725700855255127,0.0,0.0027346471910703,0.8063922378091268,114.3687973022461,0.9755162869916968,0.2229637926666794,0.5264982344876465,0.6564472560686045
ISIC_4872496,0,benign,0.203912,0,0.319734,1,True,TN,0.126,0.22,0.285,453.3,0.9141,0.4063,1.2798615315069473,2.749824523925781,3.856267690658569,0.0,0.0,0.0,64.79701232910156,0.9693800050633586,0.2436349078185606,0.7114586214515812,0.8723762567455245
ISIC_9297268,0,benign,0.204322,0,0.229585,0,True,TN,0.21,0.245,0.372,122.9,0.5534,0.0275,1.4346786277133088,1.7872400283813477,4.123574733734131,0.0,0.0,0.0,9.832833290100098,0.9383840341019184,0.2994328825857176,0.7042606438369184,0.2365211602780167
ISIC_5408436,0,benign,0.204534,0,0.270013,1,True,TN,0.215,0.365,0.401,766.7,0.8004,0.0455,1.714132160149329,2.5019516944885254,3.7723329067230233,0.0,0.0,0.0,31.04904556274414,0.9024278479455832,0.2572164161755442,0.8738548769651338,0.342259323949322
ISIC_5564843,0,benign,0.205964,0,0.144273,0,True,TN,0.138,0.263,0.255,833.3,0.8245,0.0514,1.373697564966372,3.66270923614502,4.460502624511719,0.0042044102511697,0.0,0.0,30.233909606933597,0.935130775434958,0.2816781069546065,0.3972810300812415,0.2947953304630607
ISIC_8783624,0,benign,0.207966,0,0.367903,1,True,TN,0.22,0.345,0.397,321.7,0.8901,0.2049,0.6482274853548468,3.5657124519348145,3.7076687812805176,0.0,0.0,0.0,46.26366424560547,0.9381816938489418,0.4440096206660897,0.6202099273668835,0.6191119386610087
ISIC_8040068,0,benign,0.209262,0,0.253947,1,True,TN,0.231,0.234,0.405,395.7,0.656,0.0092,1.443036983895562,3.447676658630371,6.077713966369629,0.0,0.0,0.12,35.83766555786133,0.9450890805899446,0.2487253704905963,0.7246601313776418,0.1399862141656463
ISIC_3468757,0,benign,0.210038,0,0.209211,0,True,TN,0.125,0.257,0.313,344.5,0.9245,0.2156,1.4164620407718411,4.019528388977051,4.335423946380615,0.0,0.0,0.0,58.98722076416016,0.9488634497257168,0.2878037700222201,0.725257567730676,0.6629905591194203
ISIC_1591432,0,benign,0.211163,0,0.242524,0,True,TN,0.231,0.185,0.301,122.4,0.2825,0.0298,1.917915926100558,3.4925878047943115,9.061594009399414,0.0,0.6732180619480035,0.0,52.01631164550781,0.994882486732373,0.2534798304152863,0.5972494398950626,0.2355589098293673
ISIC_5169967,0,benign,0.211413,0,0.140706,0,True,TN,0.131,0.171,0.292,763.3,0.7044,0.0462,1.8065838475451863,2.6710333824157715,6.11934757232666,0.0,0.15,0.0,26.53272247314453,0.9745308257810092,0.2180303837136581,0.3731518750404384,0.2700315321522312
ISIC_9543704,0,benign,0.211814,0,0.085993,0,True,TN,0.081,0.181,0.175,469.0,0.3327,0.0145,1.3989013633476386,5.156057834625244,2.327300786972046,0.6800079666785013,0.0,0.0,30.404346466064453,0.9764826349646072,0.2274046093326003,0.7202205035823216,0.1659174486825579
ISIC_6971343,0,benign,0.212343,0,0.171498,0,True,TN,0.111,0.256,0.331,2072.4,0.7041,0.0759,1.672094105171845,5.468633651733398,5.487316608428955,0.0,0.15,0.0,48.81483459472656,0.9658223290080812,0.2277705711836175,0.8179097037200479,0.4230268785786549
ISIC_2298923,0,benign,0.212878,0,0.20833,0,True,TN,0.106,0.246,0.307,348.3,0.8962,0.2552,1.3012718761740012,3.828166961669922,3.5626320838928223,0.0,0.0,0.0,40.25308609008789,0.960991090297622,0.3724845124418053,0.6318980951918264,0.6703036625291555
ISIC_4852295,0,benign,0.213396,0,0.198768,0,True,TN,0.196,0.295,0.268,747.1,0.7601,0.0376,1.289585461093975,2.8614203929901123,4.884759426116943,0.0,0.0,0.0,31.533390045166016,0.9181987379575516,0.3363598942961259,0.595017319463313,0.2643004816860106
ISIC_5095052,0,benign,0.214164,0,0.239682,0,True,TN,0.205,0.272,0.388,771.3,0.7352,0.0334,1.9682997005973504,3.607731580734253,6.144529819488525,0.0031098954625501,0.15,0.12,35.5443000793457,0.9572128327310944,0.2752587159960387,0.7235870960572512,0.2728616805306117
ISIC_7658533,0,benign,0.215664,0,0.192891,0,True,TN,0.148,0.299,0.384,1134.0,0.7402,0.0488,1.3096259389934752,3.955065011978149,4.859413623809815,0.0085862532743475,0.15,0.12,46.85290145874024,0.9223536397894184,0.3117631684144255,0.7653095479146531,0.3245007267135137
ISIC_6591815,0,benign,0.215676,0,0.170796,0,True,TN,0.197,0.307,0.15,807.4,0.8491,0.041,1.6291329313474363,3.7382054328918457,5.456854820251465,0.0019044596095857,0.15,0.0,37.79070281982422,0.917995076079075,0.2582152296182726,0.5686467704120522,0.2856327250880538
ISIC_8331574,0,benign,0.21665,0,0.20264,0,True,TN,0.167,0.217,0.321,235.7,0.9392,0.1254,1.5387556681062713,2.9214463233947754,5.216965675354004,0.0,0.0,0.0,44.58259963989258,0.951262744430737,0.1767239747360219,0.4940508619087558,0.4536048614933159
ISIC_1497121,0,benign,0.217288,0,0.103996,0,True,TN,0.092,0.177,0.243,649.0,0.4891,0.0296,1.2345932229940375,5.760148048400879,4.382547855377197,0.247606134715376,0.0,0.0,25.47663688659668,0.9776426469978868,0.2267920945628467,0.578907123195136,0.2295957871961195
ISIC_4733754,0,benign,0.217617,0,0.312913,1,True,TN,0.121,0.419,0.328,2340.5,0.9112,0.2798,1.6379184628562653,2.521507501602173,3.6421852111816406,0.0,0.0,0.0,62.65331268310547,0.9223073750780346,0.4234771771462035,0.8214282635564888,0.8279952849499504
ISIC_7074302,0,benign,0.218859,0,0.349651,1,True,TN,0.23,0.411,0.443,247.5,0.8164,0.122,0.9916902152367528,2.9921746253967285,4.292110443115234,0.0,0.0,0.0,34.557498931884766,0.922314564426385,0.6076499072218964,0.5584162791830224,0.4763139720814412
ISIC_3224359,0,benign,0.219247,0,0.306723,1,True,TN,0.159,0.303,0.156,402.0,0.8905,0.371,0.7828434168367024,3.314504861831665,2.9856417179107666,0.0,0.0,0.029946694883108,71.30001068115234,0.9272023341414724,0.3959234208912883,0.3762728606678071,0.7736493607140985
ISIC_6331731,0,benign,0.221489,0,0.265666,1,True,TN,0.165,0.193,0.507,1263.3,0.4852,0.0714,0.9308735928948296,2.8905577659606934,3.325698137283325,0.0094464971723561,0.0,0.0,10.991143226623535,0.9792235472088584,0.281042453530356,0.6327822862463072,0.3615006772991022
ISIC_9537778,0,benign,0.222411,0,0.196212,0,True,TN,0.182,0.245,0.339,666.5,0.8532,0.0449,1.4113694139409507,3.6351165771484375,6.265818595886231,0.0036197007536607,0.15,0.0,24.228775024414062,0.9560352569149774,0.2421574299460275,0.5817379173758143,0.2975294631697184
ISIC_9229959,0,benign,0.225028,0,0.240216,0,True,TN,0.14,0.22,0.545,1215.0,0.8517,0.0901,1.1579540747404518,4.434329032897949,4.372396945953369,6.664574730709527e-05,0.0,0.12,35.99436569213867,0.9707838338654696,0.2467154721659492,0.73263983739963,0.4298287849665412
ISIC_8324787,0,benign,0.225243,0,0.25047,1,True,TN,0.199,0.31,0.444,711.1,0.7981,0.0365,2.0286212473081906,4.232060432434082,6.763191223144531,0.0,0.15,0.0,26.724464416503903,0.9527145496101944,0.2024013018665376,0.8698403681853495,0.3174391616804002
ISIC_2354921,0,benign,0.226289,0,0.227835,0,True,TN,0.169,0.228,0.508,756.0,0.7722,0.0373,1.9821109236207044,3.235541343688965,7.992752552032471,0.0,0.0157297489548172,0.0,69.34255981445312,0.9590754942044868,0.3367089202745109,0.631340741437877,0.267449021756959
ISIC_9340414,0,benign,0.227479,0,0.154859,0,True,TN,0.071,0.191,0.243,358.7,0.9034,0.2571,1.5235822813272706,6.039340019226074,5.664501667022705,0.0,0.0,0.7649939505674944,90.12871551513672,0.9740700736316722,0.2476574489922322,0.6327630504083399,0.6903184718610625
ISIC_8900920,0,benign,0.227627,0,0.24314,0,True,TN,0.136,0.287,0.635,904.8,0.7622,0.0504,1.7966140828483457,5.863862037658691,5.311457633972168,0.0136290262497827,0.0,0.12,72.78287506103516,0.9571146101376952,0.4320874151399563,0.6483848211749835,0.3200897815948366
ISIC_4618923,0,benign,0.228092,0,0.370624,1,True,TN,0.295,0.344,0.381,800.6,0.7928,0.037,1.5798865355369591,3.1089980602264404,4.742743968963623,0.0004332271701127,0.0,0.12,66.06873321533203,0.9145798030222312,0.3347834139594322,0.5152798896815588,0.2832270989664304
ISIC_0433706,0,benign,0.229576,0,0.254626,1,True,TN,0.079,0.137,0.267,420.3,0.891,0.4266,1.2753648028588327,2.0268681049346924,3.915235996246338,0.0,0.0034731568390799,0.0,37.008575439453125,0.9886065686883324,0.2002768645664506,0.5049954805490957,0.8088677271346657
ISIC_9961570,0,benign,0.229665,0,0.297186,1,True,TN,0.29,0.334,0.278,135.3,0.9067,0.0335,1.6549539103213542,2.836106538772583,3.9314162731170654,0.0,0.0,0.0,44.000484466552734,0.8921011614460255,0.2692073724131206,0.6938927138277067,0.2603849714045212
ISIC_8701104,0,benign,0.230489,0,0.257534,1,True,TN,0.144,0.413,0.501,238.1,0.6346,0.1181,1.185725088417214,2.042466878890991,6.453736305236816,0.0,0.0150583511105533,0.1769356255490023,58.3061637878418,0.8989816874893034,0.5190720950868315,0.5253625679583995,0.458223663646833
ISIC_5257528,0,benign,0.230697,0,0.255948,1,True,TN,0.169,0.243,0.58,650.3,0.5472,0.0306,1.089220242691869,2.2294881343841557,4.206599235534668,0.0009801519235481,0.0,0.0,32.11416244506836,0.9372097489772792,0.2599275433634976,0.3661929500510031,0.2300556863076063
ISIC_7495808,0,benign,0.232197,0,0.172579,0,True,TN,0.187,0.321,0.213,562.4,0.6281,0.0216,1.3110792212909217,3.1059343814849854,5.807989597320557,0.0,0.15,0.12,29.17507553100586,0.9000781910064599,0.3033098056592468,0.6018782601265193,0.1989594310001504
ISIC_6761840,0,benign,0.233241,0,0.489026,1,True,TN,0.216,0.394,0.541,2301.4,0.8527,0.2077,1.623336232425956,2.653048515319824,4.538800239562988,4.819616804316931e-05,0.0,0.0,55.52132034301758,0.95801280374499,0.2644464572591073,0.9159367794369754,0.8141629347506156
ISIC_7328646,0,benign,0.235596,0,0.226819,0,True,TN,0.244,0.265,0.231,479.2,0.6212,0.0132,1.0513467284809568,3.1315338611602783,5.5430097579956055,0.002424081737006,0.0,0.0,18.26546859741211,0.9196663528690588,0.2569136620845673,0.6833312598425301,0.169525887864993
ISIC_8576765,0,benign,0.238898,0,0.238081,0,True,TN,0.266,0.259,0.165,512.4,0.5781,0.0171,1.596077199530754,3.3365261554718018,5.741801738739014,0.0,0.0,0.12,32.39316940307617,0.9305768528036664,0.2397371295057768,0.588662095562615,0.1812710036352721
ISIC_6392253,0,benign,0.239253,0,0.231382,0,True,TN,0.178,0.318,0.47,736.8,0.7592,0.0285,1.6325160260978575,4.953226566314697,4.819575309753418,0.0,0.0,0.12,39.28615951538086,0.9229993534824524,0.3045617633355993,0.816714658991124,0.2606566656488457
ISIC_5349205,0,benign,0.240032,0,0.187241,0,True,TN,0.186,0.248,0.276,785.2,0.8027,0.0414,1.2718035739085976,3.318964958190918,7.578121185302734,0.0,0.15,0.12,30.5479736328125,0.942749334460656,0.2358478971455176,0.6496503637811396,0.2777790633380479
ISIC_0179367,0,benign,0.24476,0,0.199001,0,True,TN,0.154,0.273,0.252,295.8,0.9331,0.1675,1.4038483574507905,5.224306583404541,6.620625019073486,0.0,0.6551716515241948,0.6490262395826425,83.1268310546875,0.9414227258419892,0.2976786702260399,0.7187643693030461,0.569267365420971
ISIC_2594634,0,benign,0.247562,0,0.235821,0,True,TN,0.213,0.246,0.344,184.8,0.8755,0.0711,1.3715728566348044,3.806032419204712,5.631741523742676,0.0,0.0,0.12,43.00110626220703,0.9411691727457694,0.2448293637005792,0.5562902671480146,0.3556477658208095
