Image_ID,Case_Type,Ground_Truth,Prediction,Prediction_Score,Top_Unusually_High_Features,Top_Unusually_Low_Features,Closest_Group_Pattern,Possible_ABCD_Group_Involved,Possible_Segmentation_Influence,Human_Note,Human_Final_Judgment
ISIC_1776777,FN,malignant,LOWER,0.083249,confidence=99th pct among malignant; skin_contrast=98th pct among malignant,B_circularity=8th pct among malignant; A_value=9th pct among malignant,FN,"A,B,C,Other",,,
ISIC_1887299,FN,malignant,LOWER,0.140066,bluegray_fraction=99th pct among malignant,D_px=1th pct among malignant; D_px_normalized=1th pct among malignant; lesion_fraction=2th pct among malignant; B_circularity=4th pct among malignant,FN,"B,C,D,Other",very small lesion area (bottom 5% of true class) -- segmentation-quality risk per Part 6/7 audit,,
ISIC_2077116,FN,malignant,LOWER,0.091423,bluegray_fraction=99th pct among malignant,B_circularity=2th pct among malignant; turning_angle_std=2th pct among malignant; eccentricity=3th pct among malignant; A_value=6th pct among malignant,FN,"A,B,C,Other",,,
ISIC_2185005,FN,malignant,LOWER,0.069145,bluegray_fraction=99th pct among malignant,lesion_fraction=1th pct among malignant; C_value=2th pct among malignant; D_px_normalized=2th pct among malignant; lab_a_std=7th pct among malignant,FN,"C,D,Other",,,
ISIC_3210975,FN,malignant,LOWER,0.102651,bluegray_fraction=99th pct among malignant; skin_contrast=92th pct among malignant,D_px=3th pct among malignant; turning_angle_std=5th pct among malignant; B_circularity=7th pct among malignant,FN,"B,C,D",very small lesion area (bottom 5% of true class) -- segmentation-quality risk per Part 6/7 audit,,
ISIC_3511086,FN,malignant,LOWER,0.24661,confidence=100th pct among malignant; dark_fraction=91th pct among malignant,D_px=7th pct among malignant,FN,"C,D,Other",,,
ISIC_4615762,FN,malignant,LOWER,0.107772,turning_angle_std=95th pct among malignant; eccentricity=93th pct among malignant; B_circularity=91th pct among malignant,lab_a_std=1th pct among malignant; color_entropy=4th pct among malignant,FN,"B,C,Other",,,
ISIC_4730066,FN,malignant,LOWER,0.243468,red_fraction=96th pct among malignant,lesion_fraction=1th pct among malignant; D_px_normalized=1th pct among malignant; B_circularity=1th pct among malignant; confidence=1th pct among malignant,FN,"B,C,D,Other",,,
ISIC_6688417,FN,malignant,LOWER,0.085592,(none),lesion_fraction=3th pct among malignant; turning_angle_std=4th pct among malignant; D_px_normalized=4th pct among malignant; lab_a_std=4th pct among malignant; B_circularity=6th pct among malignant,FN,"B,C,D,Other",,,
ISIC_6792899,FN,malignant,LOWER,0.245549,bluegray_fraction=99th pct among malignant; dark_fraction=91th pct among malignant,turning_angle_std=8th pct among malignant,FN,"B,C",,,
ISIC_8344345,FN,malignant,LOWER,0.246381,dark_fraction=91th pct among malignant,lab_b_std=7th pct among malignant; color_entropy=8th pct among malignant; lesion_fraction=9th pct among malignant,FN,"C,Other",,,
ISIC_9881460,FN,malignant,LOWER,0.061671,(none),lab_a_std=2th pct among malignant; C_value=6th pct among malignant; turning_angle_std=6th pct among malignant; color_entropy=7th pct among malignant; A_value=8th pct among malignant,FN,"A,B,C",,,
ISIC_2686432,FP,benign,ELEVATED,0.78789,A_value=96th pct among benign; B_circularity=96th pct among benign; D_px_normalized=93th pct among benign; turning_angle_std=93th pct among benign,solidity=1th pct among benign,FP,"A,B,D",,,
ISIC_2775534,FP,benign,ELEVATED,0.864629,lesion_fraction=98th pct among benign; red_fraction=98th pct among benign; D_px_normalized=98th pct among benign; lab_a_std=98th pct among benign,skin_contrast=1th pct among benign,FP,"C,D,Other",,,
ISIC_3999304,FP,benign,ELEVATED,0.250167,bluegray_fraction=99th pct among benign; confidence=98th pct among benign; dark_fraction=95th pct among benign; skin_contrast=93th pct among benign,eccentricity=3th pct among benign,FP,"C,Other",,,
ISIC_4969084,FP,benign,ELEVATED,0.58164,A_value=100th pct among benign; eccentricity=100th pct among benign; B_circularity=100th pct among benign; turning_angle_std=97th pct among benign,solidity=0th pct among benign,FP,"A,B,Other",very small lesion area (bottom 5% of true class) -- segmentation-quality risk per Part 6/7 audit,,
ISIC_5188621,FP,benign,ELEVATED,0.250011,(none),D_px=5th pct among benign,FP,"B,C,D,Other",,,
ISIC_6435029,FP,benign,ELEVATED,0.926624,A_value=100th pct among benign; C_value=100th pct among benign; turning_angle_std=99th pct among benign; B_circularity=98th pct among benign,confidence=0th pct among benign,FP,"A,B,C,Other",,,
ISIC_6583245,FP,benign,ELEVATED,0.252147,bluegray_fraction=99th pct among benign; dark_fraction=97th pct among benign; lab_b_std=97th pct among benign; skin_contrast=94th pct among benign; turning_angle_std=94th pct among benign,(none),FP,"B,C",,,
ISIC_6604109,FP,benign,ELEVATED,0.855577,D_px=99th pct among benign; B_circularity=99th pct among benign; D_px_normalized=99th pct among benign; lesion_fraction=99th pct among benign; turning_angle_std=97th pct among benign,(none),FP,"B,D,Other",,,
ISIC_7476613,FP,benign,ELEVATED,0.886404,B_circularity=100th pct among benign; A_value=99th pct among benign; D_px=97th pct among benign; red_fraction=96th pct among benign,solidity=0th pct among benign,FP,"A,B,C,D",,,
ISIC_8059373,FP,benign,ELEVATED,0.947928,turning_angle_std=100th pct among benign; A_value=100th pct among benign; B_circularity=99th pct among benign; D_px=99th pct among benign,confidence=1th pct among benign,FP,"A,B,D,Other",,,
ISIC_8152488,FP,benign,ELEVATED,0.250198,bluegray_fraction=99th pct among benign; confidence=93th pct among benign,(none),FP,"A,C,D,Other",,,
ISIC_0786784,TN,benign,LOWER,0.017307,eccentricity=99th pct among benign,lab_a_std=5th pct among benign; color_entropy=8th pct among benign,TN,"C,Other",,,
ISIC_1212149,TN,benign,LOWER,0.064427,eccentricity=98th pct among benign; B_circularity=91th pct among benign; red_fraction=90th pct among benign,(none),TN,"B,C,Other",,,
ISIC_3758135,TN,benign,LOWER,0.058175,(none),D_px=0th pct among benign; lab_a_std=10th pct among benign,TN,"A,B,C,D",very small lesion area (bottom 5% of true class) -- segmentation-quality risk per Part 6/7 audit,,
ISIC_3831079,TN,benign,LOWER,0.116122,bluegray_fraction=99th pct among benign; confidence=92th pct among benign,(none),TN,"C,D,Other",,,
ISIC_3958338,TN,benign,LOWER,0.029939,(none),A_value=2th pct among benign; lab_a_std=9th pct among benign; color_entropy=10th pct among benign,TN,"A,C",,,
ISIC_5118254,TN,benign,LOWER,0.115735,(none),(none),TN,"B,C,D,Other",,,
ISIC_5171808,TN,benign,LOWER,0.076019,dark_fraction=99th pct among benign; skin_contrast=99th pct among benign,D_px=0th pct among benign; D_px_normalized=4th pct among benign; lesion_fraction=5th pct among benign,TN,"C,D,Other",very small lesion area (bottom 5% of true class) -- segmentation-quality risk per Part 6/7 audit,,
ISIC_5212679,TN,benign,LOWER,0.102535,B_circularity=96th pct among benign; turning_angle_std=95th pct among benign,confidence=3th pct among benign; skin_contrast=9th pct among benign,TN,"B,C,Other",,,
ISIC_6441975,TN,benign,LOWER,0.049068,eccentricity=99th pct among benign; dark_fraction=93th pct among benign,(none),TN,"B,C,D,Other",,,
ISIC_6685424,TN,benign,LOWER,0.066651,B_circularity=99th pct among benign; turning_angle_std=97th pct among benign,color_entropy=6th pct among benign; eccentricity=10th pct among benign,TN,"B,C,Other",,,
ISIC_8003201,TN,benign,LOWER,0.028114,eccentricity=93th pct among benign,C_value=2th pct among benign; color_entropy=4th pct among benign; turning_angle_std=4th pct among benign,TN,"B,C,Other",,,
ISIC_8431340,TN,benign,LOWER,0.115324,red_fraction=94th pct among benign,turning_angle_std=2th pct among benign; B_circularity=7th pct among benign,TN,"B,C",,,
ISIC_8544988,TN,benign,LOWER,0.196541,bluegray_fraction=99th pct among benign; color_entropy=90th pct among benign,D_px=1th pct among benign; solidity=10th pct among benign,TN,"B,C,D",very small lesion area (bottom 5% of true class) -- segmentation-quality risk per Part 6/7 audit,,
ISIC_1605945,TP,malignant,ELEVATED,0.90361,C_value=98th pct among malignant; D_px=97th pct among malignant; lab_b_std=97th pct among malignant; solidity=96th pct among malignant,skin_contrast=2th pct among malignant,TP,"B,C,D",,,
ISIC_4296407,TP,malignant,ELEVATED,0.53822,dark_fraction=91th pct among malignant,eccentricity=6th pct among malignant,TP,"C,Other",,,
ISIC_6212007,TP,malignant,ELEVATED,0.965764,color_entropy=100th pct among malignant; lab_a_std=100th pct among malignant; C_value=99th pct among malignant; lab_b_std=99th pct among malignant; dark_fraction=96th pct among malignant,(none),TP,C,,,
ISIC_7092052,TP,malignant,ELEVATED,0.980568,A_value=100th pct among malignant; B_circularity=100th pct among malignant; turning_angle_std=100th pct among malignant,solidity=1th pct among malignant; skin_contrast=3th pct among malignant,TP,"A,B,C",,,
ISIC_7181296,TP,malignant,ELEVATED,0.538506,bluegray_fraction=99th pct among malignant; red_fraction=93th pct among malignant,skin_contrast=7th pct among malignant; confidence=9th pct among malignant,TP,"C,Other",,,
ISIC_7662910,TP,malignant,ELEVATED,0.525522,A_value=98th pct among malignant,confidence=8th pct among malignant; solidity=9th pct among malignant,TP,"A,B,Other",,,
