stem,ground_truth,B_current_circularity_irreg,convexity_irregularity,smoothed_perimeter_ratio,contour_points,perimeter_px,area_px
ISIC_0000002,malignant,0.2489,0.0477,1.0122,1732,2010.4,241559.0
ISIC_0000004,malignant,0.1937,0.0291,1.0035,1263,1475.5,139682.5
ISIC_0000005,benign,0.4089,0.1276,1.0079,1510,1764.3,146430.0
ISIC_0000006,benign,0.5516,0.1198,1.0634,1083,1201.9,51548.5
ISIC_0000007,benign,0.1457,0.0107,1.0037,967,1102.4,82623.5
ISIC_0000009,benign,0.326,0.0595,1.0025,1473,1747.6,163818.5
ISIC_0000010,benign,0.2825,0.0451,1.0249,869,982.9,55160.5
ISIC_0000011,benign,0.3559,0.0956,1.0062,1325,1534.2,120649.5
ISIC_0000012,benign,0.1994,0.0347,1.0042,605,702.3,31426.5
ISIC_0000014,benign,0.2746,0.0328,1.0025,1576,1859.3,199571.0
ISIC_0000015,benign,0.1995,0.042,1.0037,1184,1389.4,122986.0
ISIC_0000030,malignant,0.2339,0.0364,1.005,2837,3376.7,695156.5
ISIC_0000031,malignant,0.615,0.2119,1.0089,3159,3666.4,411818.5
ISIC_0000035,malignant,0.1893,0.0175,1.0064,3031,3473.0,778096.5
ISIC_0000036,malignant,0.2545,0.0514,1.0019,2865,3232.4,619845.5
ISIC_0000037,benign,0.3816,0.0738,1.0041,2805,3321.5,542909.5
ISIC_0000040,malignant,0.1689,0.0121,1.0028,2382,2719.2,488979.0
ISIC_0000044,benign,0.249,0.0351,1.0022,3208,3733.2,832963.0
ISIC_0000045,benign,0.1616,0.0224,1.0019,2237,2607.7,453720.5
ISIC_0000046,malignant,0.2499,0.0425,1.0104,2986,3404.4,691813.0
ISIC_0000048,benign,0.2416,0.0387,1.0018,1499,1750.4,184926.5
ISIC_0000068,benign,0.2712,0.0509,1.0028,1743,2030.0,238995.5
ISIC_0000069,benign,0.2745,0.0442,1.0083,1092,1275.9,93988.0
ISIC_0000070,malignant,0.1503,0.0189,1.0027,553,655.3,29036.5
ISIC_0000071,benign,0.2397,0.0323,1.0107,860,995.9,60006.0
ISIC_0000072,benign,0.2993,0.0677,1.0046,996,1175.8,77080.0
ISIC_0000075,benign,0.1861,0.0195,1.0027,2319,2712.1,476415.5
ISIC_0000076,malignant,0.2041,0.0177,1.0107,4360,4761.8,1436112.0
ISIC_0000077,malignant,0.2277,0.0523,1.0036,2459,2897.7,515991.5
ISIC_0000079,benign,0.3154,0.072,1.0077,1062,1251.7,85360.0
ISIC_0000083,benign,0.1579,0.0174,1.0007,2113,2443.1,399978.5
ISIC_0000140,malignant,0.4818,0.1068,1.0033,5496,6292.1,1632460.0
ISIC_0000144,malignant,0.1556,0.0139,1.0012,2600,3083.8,638979.0
ISIC_0000146,malignant,0.1763,0.0233,1.0007,3361,3954.6,1025117.5
ISIC_0000154,malignant,0.2914,0.0617,1.0025,1881,2210.3,275472.5
ISIC_0000276,malignant,0.2677,0.0534,1.0011,1979,2337.3,318363.5
ISIC_0000277,malignant,0.3715,0.0717,1.0107,1832,2131.1,227126.0
ISIC_0000281,malignant,0.2898,0.0513,1.0043,1602,1872.1,198059.0
ISIC_0000282,malignant,0.3249,0.0903,1.0024,1930,2229.1,266940.0
ISIC_0000283,malignant,0.412,0.0937,1.0042,1277,1503.6,105779.5
