stem,ground_truth,hair_width_px,reason,hair_mask_area_px,n_components,half_widths_n,mean_elongation,n_hair_like_components,n_blob_like_components,mm_per_px_current,hit_2px_floor
ISIC_0000002,malignant,7.194,ok,23785,236,1724,395.27,18,212,0.009730601388314792,False
ISIC_0000004,malignant,4.0,ok,11967,145,1271,91.28,17,120,0.0175,False
ISIC_0000005,benign,5.6,ok,23951,283,2094,2.7,17,256,0.012500000212873735,False
ISIC_0000006,benign,8.0,ok,12496,65,1030,4.18,8,52,0.00875,False
ISIC_0000007,benign,7.194,ok,15248,90,1115,2.87,9,79,0.009730601388314792,False
ISIC_0000009,benign,6.0,ok,13617,176,801,58.24,11,160,0.011666666666666665,False
ISIC_0000010,benign,6.394,ok,19355,133,862,32.01,10,121,0.010948106351290983,False
ISIC_0000011,benign,10.0,ok,11879,30,1143,330.1,9,21,0.007,False
ISIC_0000012,benign,4.0,ok,17313,259,1532,70.75,21,230,0.0175,False
ISIC_0000014,benign,4.394,ok,8229,82,608,62.74,12,68,0.01593154068830467,False
ISIC_0000015,benign,6.0,ok,7514,67,632,35.29,8,54,0.011666666666666665,False
ISIC_0000030,malignant,2.0,ok,48246,343,7527,204.54,18,320,0.035,True
ISIC_0000031,malignant,2.0,ok,50958,399,7541,43.74,21,369,0.035,True
ISIC_0000035,malignant,2.0,ok,31498,266,9656,22.7,8,254,0.035,True
ISIC_0000036,malignant,5.6,ok,23878,238,2357,54.25,13,217,0.012500000212873735,False
ISIC_0000037,benign,2.0,ok,20817,151,9295,2.6,3,144,0.035,True
ISIC_0000040,malignant,2.0,ok,9788,20,9422,310.27,3,16,0.035,True
ISIC_0000044,benign,2.0,ok,62324,629,10925,16.54,37,574,0.035,True
ISIC_0000045,benign,2.0,ok,22166,316,4101,2.82,10,285,0.035,True
ISIC_0000046,malignant,2.0,ok,17878,101,10036,35.71,6,93,0.035,True
ISIC_0000048,benign,2.0,ok,33048,223,9303,103.05,48,160,0.035,True
ISIC_0000068,benign,5.6,ok,31338,364,2228,10.64,17,336,0.012500000212873735,False
ISIC_0000069,benign,4.394,ok,39532,263,4518,8.25,69,183,0.01593154068830467,False
ISIC_0000070,malignant,4.197,ok,8278,79,602,2.37,7,68,0.01667897777399561,False
ISIC_0000071,benign,14.0,ok,10168,60,1373,4.87,24,34,0.005,False
ISIC_0000072,benign,10.0,ok,15967,83,1779,5.16,10,72,0.007,False
ISIC_0000075,benign,6.0,ok,37398,586,3276,66.11,19,550,0.011666666666666665,False
ISIC_0000076,malignant,2.0,ok,44133,338,7938,58.92,42,289,0.035,True
ISIC_0000077,malignant,2.0,ok,12921,42,5337,18.64,5,35,0.035,True
ISIC_0000079,benign,2.0,ok,17948,93,7572,7.12,6,83,0.035,True
ISIC_0000083,benign,4.0,ok,13477,308,1731,35.21,26,264,0.0175,False
ISIC_0000140,malignant,4.394,ok,196336,1849,12903,60.33,136,1647,0.01593154068830467,False
ISIC_0000144,malignant,4.394,ok,39126,345,2797,104.55,58,274,0.01593154068830467,False
ISIC_0000146,malignant,5.6,ok,133988,1030,10557,93.01,88,912,0.012500000212873735,False
ISIC_0000154,malignant,4.394,ok,29267,415,2682,2.86,38,365,0.01593154068830467,False
ISIC_0000276,malignant,5.6,ok,19118,182,1954,139.16,23,155,0.012500000212873735,False
ISIC_0000277,malignant,8.4,ok,40364,237,2238,21.81,7,224,0.00833333371177554,False
ISIC_0000281,malignant,7.194,ok,58179,231,1725,25.2,13,214,0.009730601388314792,False
ISIC_0000282,malignant,12.394,ok,28551,85,1292,123.22,7,75,0.0056479853824004155,False
ISIC_0000283,malignant,6.394,ok,52340,195,1601,218.3,21,166,0.010948106351290983,False
