image_name,ground_truth,ground_truth_binary,status,evaluation_status,num_instances_detected,lesion_instance_id,confidence,num_total_components,num_meaningful_components,num_tiny_artifacts_ignored,lesion_fraction,quality_flags,A_value,A_concern,A_principal_axis_deg,B_circularity,B_circularity_concern,B_experimental,B_experimental_n_defects,C_value,C_concern,C_label,D_px,D_mm,D_concern,concerns,risk_level,provisional_prediction,is_primary_instance,mask_path,error_or_warning
IMG_6854.jpg,unknown,,PROCESSED,UNLABELED,1,0,0.6451,1,1,0,0.0038,ok,0.124,False,113.8,0.138,False,0.0369,3,0.411,True,Color: CV=0.411 ⚠ Concerning,195.4,,False,1,LOW,negative,True,raster_masks_v2\IMG_6854_instance0_mask.png,
IMG_6967.png,unknown,,NO_DETECTION,UNLABELED,0,,,,,,,,,,,,,,,,,,,,,,,,,,
IMG_6968.png,unknown,,PROCESSED,UNLABELED,3,0,0.7079,1,1,0,0.0287,ok,0.178,False,163.6,0.204,False,0.14,7,0.569,True,Color: CV=0.569 | black(13%) ⚠ Concerning,192.7,,False,1,LOW,negative,True,raster_masks_v2\IMG_6968_instance0_mask.png,
IMG_6968.png,unknown,,PROCESSED,UNLABELED,3,1,0.5561,1,1,0,0.0041,ok,0.147,False,-172.7,0.125,False,0.0657,2,0.154,False,Color: clean ✔ Normal,66.2,,False,0,LOW,negative,False,raster_masks_v2\IMG_6968_instance1_mask.png,
IMG_6968.png,unknown,,PROCESSED,UNLABELED,3,2,0.4869,1,1,0,0.0034,low_confidence(0.49)_review_recommended,0.101,False,91.2,0.127,False,0.0208,1,0.489,True,Color: CV=0.489 ⚠ Concerning,60.5,,False,1,LOW,negative,False,raster_masks_v2\IMG_6968_instance2_mask.png,
ISIC_0000002.jpg,malignant,1,PROCESSED,SINGLE_LESION_EVALUABLE,1,0,0.8629,1,1,0,0.3093,ok,0.093,False,-144.6,0.249,False,0.2669,14,0.363,True,Color: CV=0.363 | blue-gray(15%) ⚠ Concerning,636.0,,False,1,LOW,negative,True,raster_masks_v2\ISIC_0000002_instance0_mask.png,
ISIC_0000004.jpg,malignant,1,PROCESSED,SINGLE_LESION_EVALUABLE,1,0,0.9436,1,1,0,0.179,ok,0.111,False,-161.6,0.194,False,0.1631,8,0.222,True,"Color: pink/red(99%), blue-gray(15%), white(31%) ⚠ Concerning",465.4,,False,1,HIGH,positive,True,raster_masks_v2\ISIC_0000004_instance0_mask.png,
ISIC_0000005.jpg,benign,0,PROCESSED,SINGLE_LESION_EVALUABLE,1,0,0.8816,1,1,0,0.1878,ok,0.204,True,152.5,0.409,False,0.4585,10,0.384,True,Color: CV=0.384 | black(12%) ⚠ Concerning,526.8,,False,2,HIGH,positive,True,raster_masks_v2\ISIC_0000005_instance0_mask.png,
ISIC_0000006.jpg,benign,0,PROCESSED,SINGLE_LESION_EVALUABLE,1,0,0.8595,2,1,1,0.0665,ignored_1_tiny_artifact(s)_le_20px,0.2,False,123.9,0.552,True,0.5879,7,0.24,False,Color: clean ✔ Normal,317.4,,False,1,LOW,negative,True,raster_masks_v2\ISIC_0000006_instance0_mask.png,
ISIC_0000007.jpg,benign,0,PROCESSED,SINGLE_LESION_EVALUABLE,1,0,0.7235,1,1,0,0.1035,ok,0.088,False,150.5,0.142,False,0.0634,9,0.416,True,Color: CV=0.416 | blue-gray(15%) ⚠ Concerning,403.0,,False,1,LOW,negative,True,raster_masks_v2\ISIC_0000007_instance0_mask.png,
ISIC_0000009.jpg,benign,0,PROCESSED,SINGLE_LESION_EVALUABLE,1,0,0.9267,1,1,0,0.2098,ok,0.17,False,-140.6,0.331,False,0.3611,16,0.298,False,Color: clean ✔ Normal,605.6,,False,0,LOW,negative,True,raster_masks_v2\ISIC_0000009_instance0_mask.png,
ISIC_0000010.jpg,benign,0,PROCESSED,SINGLE_LESION_EVALUABLE,1,0,0.8778,1,1,0,0.0732,ok,0.184,False,100.6,0.289,False,0.2288,10,0.356,True,Color: CV=0.356 ⚠ Concerning,343.1,,False,1,LOW,negative,True,raster_masks_v2\ISIC_0000010_instance0_mask.png,
ISIC_0000011.jpg,benign,0,PROCESSED,SINGLE_LESION_EVALUABLE,1,0,0.9381,1,1,0,0.1537,ok,0.176,False,150.4,0.35,False,0.4452,9,0.33,True,Color: black(12%) ⚠ Concerning,496.7,,False,1,LOW,negative,True,raster_masks_v2\ISIC_0000011_instance0_mask.png,
ISIC_0000012.jpg,benign,0,PROCESSED,SINGLE_LESION_EVALUABLE,1,0,0.8747,1,1,0,0.0405,ok,0.141,False,144.6,0.193,False,0.1555,8,0.197,False,Color: clean ✔ Normal,233.7,,False,0,LOW,negative,True,raster_masks_v2\ISIC_0000012_instance0_mask.png,
ISIC_0000014.jpg,benign,0,PROCESSED,SINGLE_LESION_EVALUABLE,1,0,0.9262,1,1,0,0.2555,ok,0.09,False,151.2,0.272,False,0.2468,16,0.314,False,Color: clean ✔ Normal,681.8,,False,0,LOW,negative,True,raster_masks_v2\ISIC_0000014_instance0_mask.png,
ISIC_0000015.jpg,benign,0,PROCESSED,SINGLE_LESION_EVALUABLE,1,0,0.8992,1,1,0,0.1588,ok,0.094,False,66.5,0.197,False,0.2215,10,0.236,False,Color: clean ✔ Normal,453.0,,False,0,LOW,negative,True,raster_masks_v2\ISIC_0000015_instance0_mask.png,
ISIC_0000030.jpg,malignant,1,PROCESSED,SINGLE_LESION_EVALUABLE,1,0,0.9134,1,1,0,0.4109,ok,0.111,False,144.3,0.227,False,0.2546,19,0.61,True,"Color: CV=0.610 | pink/red(31%), black(12%) ⚠ Concerning",1093.0,,False,1,LOW,negative,True,raster_masks_v2\ISIC_0000030_instance0_mask.png,
ISIC_0000031.jpg,malignant,1,PROCESSED,SINGLE_LESION_EVALUABLE,1,0,0.9018,1,1,0,0.2428,ok,0.245,True,-160.1,0.579,True,0.971,14,0.659,True,"Color: CV=0.659 | pink/red(16%), blue-gray(15%), black(12%) ⚠ Concerning",972.3,,False,3,HIGH,positive,True,raster_masks_v2\ISIC_0000031_instance0_mask.png,
ISIC_0000035.jpg,malignant,1,PROCESSED,SINGLE_LESION_EVALUABLE,1,0,0.8982,1,1,0,0.4523,ok,0.078,False,170.6,0.216,False,0.1676,18,0.286,False,Color: clean ✔ Normal,1188.3,,False,0,LOW,negative,True,raster_masks_v2\ISIC_0000035_instance0_mask.png,
ISIC_0000036.jpg,malignant,1,PROCESSED,SINGLE_LESION_EVALUABLE,1,0,0.9375,1,1,0,0.366,ok,0.124,False,-161.3,0.252,False,0.3365,19,0.432,True,"Color: CV=0.432 | blue-gray(15%), black(12%) ⚠ Concerning",1040.5,,False,1,LOW,negative,True,raster_masks_v2\ISIC_0000036_instance0_mask.png,
ISIC_0000037.jpg,benign,0,PROCESSED,SINGLE_LESION_EVALUABLE,1,0,0.8819,1,1,0,0.3176,ok,0.262,True,143.5,0.39,False,0.3195,13,0.292,True,Color: black(42%) ⚠ Concerning,1203.8,,False,2,HIGH,positive,True,raster_masks_v2\ISIC_0000037_instance0_mask.png,
ISIC_0000040.jpg,malignant,1,PROCESSED,SINGLE_LESION_EVALUABLE,1,0,0.4277,1,1,0,0.2849,low_confidence(0.43)_review_recommended,0.144,False,-164.9,0.197,False,0.1235,17,0.662,True,"Color: CV=0.662 | blue-gray(15%), black(12%) ⚠ Concerning",960.4,,False,1,LOW,negative,True,raster_masks_v2\ISIC_0000040_instance0_mask.png,
ISIC_0000044.jpg,benign,0,PROCESSED,SINGLE_LESION_EVALUABLE,1,0,0.9312,1,1,0,0.4931,ok,0.115,False,-169.7,0.246,False,0.3144,17,0.271,True,"Color: blue-gray(15%), black(47%) ⚠ Concerning",1241.1,,False,1,LOW,negative,True,raster_masks_v2\ISIC_0000044_instance0_mask.png,
ISIC_0000045.jpg,benign,0,PROCESSED,SINGLE_LESION_EVALUABLE,1,0,0.946,1,1,0,0.2678,ok,0.049,False,57.5,0.158,False,0.1918,20,0.42,True,"Color: CV=0.420 | pink/red(13%), blue-gray(15%), black(12%) ⚠ Concerning",812.5,,False,1,LOW,negative,True,raster_masks_v2\ISIC_0000045_instance0_mask.png,
ISIC_0000046.jpg,malignant,1,PROCESSED,SINGLE_LESION_EVALUABLE,1,0,0.8351,1,1,0,0.3983,ok,0.093,False,-163.3,0.273,False,0.2212,12,0.435,True,Color: CV=0.435 | blue-gray(15%) ⚠ Concerning,1172.3,,False,1,LOW,negative,True,raster_masks_v2\ISIC_0000046_instance0_mask.png,
ISIC_0000048.jpg,benign,0,PROCESSED,SINGLE_LESION_EVALUABLE,1,0,0.9018,1,1,0,0.1082,ok,0.111,False,88.2,0.245,False,0.1985,15,0.323,True,Color: black(32%) ⚠ Concerning,631.0,,False,1,LOW,negative,True,raster_masks_v2\ISIC_0000048_instance0_mask.png,
ISIC_0000068.jpg,benign,0,PROCESSED,SINGLE_LESION_EVALUABLE,1,0,0.9443,1,1,0,0.3459,ok,0.117,False,178.3,0.272,False,0.3518,16,0.223,True,"Color: blue-gray(15%), black(46%) ⚠ Concerning",681.8,,False,1,LOW,negative,True,raster_masks_v2\ISIC_0000068_instance0_mask.png,
ISIC_0000069.jpg,benign,0,PROCESSED,MULTI_LESION_AMBIGUOUS,3,0,0.9264,1,1,0,0.1205,ok,0.133,False,-179.3,0.274,False,0.2682,12,0.244,True,Color: blue-gray(15%) ⚠ Concerning,454.9,,False,1,LOW,negative,True,raster_masks_v2\ISIC_0000069_instance0_mask.png,
ISIC_0000069.jpg,benign,0,PROCESSED,MULTI_LESION_AMBIGUOUS,3,1,0.5218,1,1,0,0.0277,ok,0.253,True,86.8,0.356,False,0.252,7,0.37,True,Color: CV=0.370 | black(12%) ⚠ Concerning,240.1,,False,2,HIGH,positive,False,raster_masks_v2\ISIC_0000069_instance1_mask.png,
ISIC_0000069.jpg,benign,0,PROCESSED,MULTI_LESION_AMBIGUOUS,3,2,0.4239,1,1,0,0.0069,low_confidence(0.42)_review_recommended,0.492,True,-179.9,0.306,False,0.1837,4,0.338,False,Color: clean ✔ Normal,112.3,,False,1,LOW,negative,False,raster_masks_v2\ISIC_0000069_instance2_mask.png,
ISIC_0000070.jpg,malignant,1,PROCESSED,SINGLE_LESION_EVALUABLE,1,0,0.8964,1,1,0,0.0372,ok,0.074,False,-139.4,0.156,False,0.1404,8,0.156,True,Color: black(65%) ⚠ Concerning,222.1,,False,1,HIGH,positive,True,raster_masks_v2\ISIC_0000070_instance0_mask.png,
ISIC_0000071.jpg,benign,0,PROCESSED,SINGLE_LESION_EVALUABLE,1,0,0.9167,1,1,0,0.0772,ok,0.111,False,-175.3,0.237,False,0.162,7,0.157,True,Color: pink/red(49%) ⚠ Concerning,361.2,,False,1,LOW,negative,True,raster_masks_v2\ISIC_0000071_instance0_mask.png,
ISIC_0000072.jpg,benign,0,PROCESSED,MULTI_LESION_AMBIGUOUS,2,0,0.9056,1,1,0,0.0988,ok,0.175,False,59.0,0.29,False,0.368,10,0.241,True,"Color: blue-gray(15%), black(47%) ⚠ Concerning",381.1,,False,1,LOW,negative,True,raster_masks_v2\ISIC_0000072_instance0_mask.png,
ISIC_0000072.jpg,benign,0,PROCESSED,MULTI_LESION_AMBIGUOUS,2,1,0.5882,2,2,0,0.0645,fragmented(2_meaningful_blobs),0.333,True,171.7,0.295,False,0.2258,8,0.318,False,Color: clean ✔ Normal,319.8,,False,1,LOW,negative,False,raster_masks_v2\ISIC_0000072_instance1_mask.png,
ISIC_0000075.jpg,benign,0,PROCESSED,SINGLE_LESION_EVALUABLE,1,0,0.9234,1,1,0,0.6101,large_area_fraction(61%)_possible_over_segmentation,0.097,False,172.0,0.186,False,0.2355,26,0.225,False,Color: clean ✔ Normal,868.4,,False,0,LOW,negative,True,raster_masks_v2\ISIC_0000075_instance0_mask.png,
ISIC_0000076.jpg,malignant,1,NO_DETECTION,NO_DETECTION,0,,,,,,,,,,,,,,,,,,,,,,,,,,
ISIC_0000077.jpg,malignant,1,PROCESSED,SINGLE_LESION_EVALUABLE,1,0,0.7137,1,1,0,0.3062,ok,0.206,True,117.8,0.235,False,0.2105,8,0.436,True,Color: CV=0.436 | pink/red(58%) ⚠ Concerning,964.9,,False,2,HIGH,positive,True,raster_masks_v2\ISIC_0000077_instance0_mask.png,
ISIC_0000079.jpg,benign,0,PROCESSED,SINGLE_LESION_EVALUABLE,1,0,0.9066,1,1,0,0.0512,ok,0.203,True,157.6,0.302,False,0.3477,10,0.57,True,Color: CV=0.570 | blue-gray(15%) ⚠ Concerning,409.7,,False,2,HIGH,positive,True,raster_masks_v2\ISIC_0000079_instance0_mask.png,
ISIC_0000083.jpg,benign,0,PROCESSED,SINGLE_LESION_EVALUABLE,1,0,0.6512,1,1,0,0.1273,ok,0.092,False,-174.9,0.159,False,0.1456,17,0.2,True,Color: black(62%) ⚠ Concerning,776.6,,False,1,HIGH,positive,True,raster_masks_v2\ISIC_0000083_instance0_mask.png,
ISIC_0000140.jpg,malignant,1,PROCESSED,SINGLE_LESION_EVALUABLE,1,0,0.9276,1,1,0,0.2713,ok,0.231,True,68.3,0.502,True,0.6488,15,0.273,True,"Color: blue-gray(15%), black(40%) ⚠ Concerning",1689.8,,False,3,HIGH,positive,True,raster_masks_v2\ISIC_0000140_instance0_mask.png,
ISIC_0000144.jpg,malignant,1,PROCESSED,SINGLE_LESION_EVALUABLE,1,0,0.8598,1,1,0,0.2065,ok,0.055,False,91.9,0.148,False,0.1212,18,0.242,True,Color: blue-gray(12%) ⚠ Concerning,1014.1,,False,1,LOW,negative,True,raster_masks_v2\ISIC_0000144_instance0_mask.png,
ISIC_0000146.jpg,malignant,1,PROCESSED,MULTI_LESION_AMBIGUOUS,2,0,0.5548,1,1,0,0.3206,ok,0.121,False,-140.7,0.163,False,0.1388,19,0.246,True,Color: black(20%) ⚠ Concerning,1257.6,,False,1,LOW,negative,True,raster_masks_v2\ISIC_0000146_instance0_mask.png,
ISIC_0000146.jpg,malignant,1,PROCESSED,MULTI_LESION_AMBIGUOUS,2,1,0.5432,1,1,0,0.3215,ok,0.119,False,-141.7,0.165,False,0.1367,18,0.247,True,Color: black(20%) ⚠ Concerning,1264.4,,False,1,LOW,negative,False,raster_masks_v2\ISIC_0000146_instance1_mask.png,
ISIC_0000154.jpg,malignant,1,PROCESSED,SINGLE_LESION_EVALUABLE,1,0,0.871,1,1,0,0.086,ok,0.134,False,-138.0,0.282,False,0.2574,9,0.261,False,Color: clean ✔ Normal,754.6,,False,0,LOW,negative,True,raster_masks_v2\ISIC_0000154_instance0_mask.png,
ISIC_0000276.jpg,malignant,1,PROCESSED,SINGLE_LESION_EVALUABLE,1,0,0.9253,1,1,0,0.4046,ok,0.145,False,74.2,0.271,False,0.366,18,0.485,True,"Color: CV=0.485 | blue-gray(15%), black(23%) ⚠ Concerning",738.4,,False,1,LOW,negative,True,raster_masks_v2\ISIC_0000276_instance0_mask.png,
ISIC_0000277.jpg,malignant,1,PROCESSED,SINGLE_LESION_EVALUABLE,1,0,0.8483,1,1,0,0.2793,ok,0.109,False,141.2,0.25,False,0.3549,15,0.456,True,Color: CV=0.456 | black(12%) ⚠ Concerning,606.1,,False,1,LOW,negative,True,raster_masks_v2\ISIC_0000277_instance0_mask.png,
ISIC_0000281.jpg,malignant,1,PROCESSED,SINGLE_LESION_EVALUABLE,1,0,0.9369,1,1,0,0.2534,ok,0.105,False,-179.3,0.292,False,0.4063,17,0.359,True,"Color: CV=0.359 | blue-gray(15%), black(12%) ⚠ Concerning",613.2,,False,1,LOW,negative,True,raster_masks_v2\ISIC_0000281_instance0_mask.png,
ISIC_0000282.jpg,malignant,1,PROCESSED,SINGLE_LESION_EVALUABLE,1,0,0.8952,1,1,0,0.3379,ok,0.194,False,78.2,0.347,False,0.4712,14,0.5,True,Color: CV=0.500 ⚠ Concerning,675.8,,False,1,LOW,negative,True,raster_masks_v2\ISIC_0000282_instance0_mask.png,
ISIC_0000283.jpg,malignant,1,PROCESSED,MULTI_LESION_AMBIGUOUS,2,0,0.9383,1,1,0,0.1352,ok,0.192,False,170.9,0.405,False,0.5857,14,0.388,True,"Color: CV=0.388 | blue-gray(15%), black(47%) ⚠ Concerning",459.6,,False,1,LOW,negative,True,raster_masks_v2\ISIC_0000283_instance0_mask.png,
ISIC_0000283.jpg,malignant,1,PROCESSED,MULTI_LESION_AMBIGUOUS,2,1,0.2715,1,1,0,0.005,low_confidence(0.27)_review_recommended,0.665,True,179.2,0.844,True,0.3688,3,0.425,True,Color: CV=0.425 | black(12%) ⚠ Concerning,255.1,,False,3,HIGH,positive,False,raster_masks_v2\ISIC_0000283_instance1_mask.png,
