stem,ground_truth,A_current,A_aligned,delta,principal_axis_deg,eccentricity,num_blobs,solidity,crop_truncated
ISIC_0000002,malignant,0.2475,0.0929,0.1546,-144.6,1.233,1,0.9523,False
ISIC_0000004,malignant,0.1322,0.1115,0.0208,-161.6,1.124,1,0.9709,False
ISIC_0000005,benign,0.3567,0.2035,0.1532,152.5,1.263,1,0.8724,False
ISIC_0000006,benign,0.3041,0.1997,0.1044,123.9,1.301,2,0.8802,False
ISIC_0000007,benign,0.33,0.0887,0.2413,149.8,1.468,1,0.9893,False
ISIC_0000009,benign,0.4411,0.1692,0.2719,-140.4,1.587,1,0.9405,False
ISIC_0000010,benign,0.2156,0.1852,0.0304,100.7,1.446,1,0.9549,False
ISIC_0000011,benign,0.2676,0.1823,0.0853,151.5,1.234,1,0.9044,False
ISIC_0000012,benign,0.2938,0.1447,0.1491,143.7,1.296,1,0.9653,False
ISIC_0000014,benign,0.4663,0.0926,0.3737,151.5,1.769,1,0.9672,False
ISIC_0000015,benign,0.1661,0.0969,0.0692,65.5,1.159,1,0.958,False
ISIC_0000030,malignant,0.3047,0.1119,0.1928,144.3,1.327,1,0.9636,False
ISIC_0000031,malignant,0.4427,0.2457,0.1969,-160.2,1.475,1,0.7881,False
ISIC_0000035,malignant,0.1301,0.0742,0.0559,170.2,1.326,1,0.9825,True
ISIC_0000036,malignant,0.1698,0.1247,0.0451,-161.6,1.202,1,0.9486,False
ISIC_0000037,benign,0.6295,0.2646,0.3649,143.9,2.07,1,0.9262,True
ISIC_0000040,malignant,0.2217,0.1248,0.0969,-161.9,1.371,1,0.9879,False
ISIC_0000044,benign,0.1505,0.1156,0.0349,-169.8,1.335,1,0.9649,True
ISIC_0000045,benign,0.0972,0.0552,0.042,56.6,1.085,1,0.9776,False
ISIC_0000046,malignant,0.2552,0.1015,0.1537,-163.1,1.463,1,0.9575,False
ISIC_0000048,benign,0.1179,0.1066,0.0112,88.2,1.567,1,0.9613,False
ISIC_0000068,benign,0.1159,0.1183,-0.0025,178.3,1.376,1,0.9491,True
ISIC_0000069,benign,0.5116,0.6176,-0.106,155.3,2.514,3,0.9558,True
ISIC_0000070,malignant,0.2742,0.0714,0.2028,-139.3,1.271,1,0.9811,False
ISIC_0000071,benign,0.1472,0.1096,0.0376,-175.3,1.485,1,0.9677,False
ISIC_0000072,benign,0.5609,0.379,0.1819,103.7,2.345,2,0.9323,True
ISIC_0000075,benign,0.1058,0.0959,0.0099,172.2,1.164,1,0.9805,True
ISIC_0000076,malignant,0.0739,0.0826,-0.0087,175.2,1.259,1,0.9823,True
ISIC_0000077,malignant,0.1941,0.201,-0.0069,114.1,1.177,1,0.9477,False
ISIC_0000079,benign,0.2876,0.2036,0.0841,158.3,1.351,1,0.928,False
ISIC_0000083,benign,0.0959,0.0937,0.0023,-174.9,1.029,1,0.9826,False
ISIC_0000140,malignant,0.2236,0.2193,0.0043,68.6,1.169,1,0.8932,False
ISIC_0000144,malignant,0.0514,0.0494,0.002,94.0,1.132,1,0.9861,False
ISIC_0000146,malignant,0.1372,0.1421,-0.0048,52.6,1.032,1,0.9767,False
ISIC_0000154,malignant,0.4917,0.1287,0.3629,-137.4,1.618,1,0.9383,False
ISIC_0000276,malignant,0.1702,0.1418,0.0284,74.4,1.259,1,0.9466,True
ISIC_0000277,malignant,0.3118,0.1197,0.1922,137.9,1.304,1,0.9283,False
ISIC_0000281,malignant,0.1118,0.1052,0.0066,-179.2,1.396,1,0.9487,False
ISIC_0000282,malignant,0.173,0.1989,-0.0259,80.1,1.132,1,0.9097,True
ISIC_0000283,malignant,0.2209,0.1927,0.0281,170.7,1.252,1,0.9063,False
