Change,Feature_Added,Feature_Removed,Baseline_Experiment_ID,Variant_Experiment_ID,Baseline_Balanced_Accuracy,Variant_Balanced_Accuracy,Delta_Balanced_Accuracy,Baseline_ROC_AUC,Variant_ROC_AUC,Delta_ROC_AUC,Baseline_CV_STD_Balanced_Accuracy,Verdict
"A_value -> A_value_pc (primary-component fix), holding color features at original",A_value_pc,A_value,EXP0,EXP1a,0.7222,0.7244,0.0022,0.8008,0.8013,0.0005,0.0078,no meaningful change (within CV std)
"8 color features -> their _pc versions (primary-component fix), holding A_value at original","C_value_pc,color_entropy_pc,lab_a_std_pc,lab_b_std_pc,red_fraction_pc,bluegray_fraction_pc,dark_fraction_pc,skin_contrast_pc","C_value,color_entropy,lab_a_std,lab_b_std,red_fraction,bluegray_fraction,dark_fraction,skin_contrast",EXP0,EXP1b,0.7222,0.7237,0.0015,0.8008,0.801,0.0002,0.0078,no meaningful change (within CV std)
EXP1 combined (A_value_pc + color-group _pc together) vs EXP0,all 9 _pc features,all 9 original counterparts,EXP0,EXP1,0.7222,0.7244,0.0022,0.8008,0.8014,0.0006,0.0078,no meaningful change (within CV std)
Remove eccentricity alone from EXP1,,eccentricity,EXP1,EXP2_minus_eccentricity_only,0.7244,0.7288,0.0044,0.8014,0.8016,0.0002,0.0066,no meaningful change (within CV std)
Remove dark_fraction_pc alone from EXP1,,dark_fraction_pc,EXP1,EXP2_minus_dark_fraction_pc_only,0.7244,0.7265,0.0021,0.8014,0.8016,0.0002,0.0066,no meaningful change (within CV std)
Remove bluegray_fraction_pc alone from EXP1,,bluegray_fraction_pc,EXP1,EXP2_minus_bluegray_fraction_pc_only,0.7244,0.7261,0.0017,0.8014,0.8026,0.0012,0.0066,no meaningful change (within CV std)
Remove D_px (raw pixels) alone from EXP1,,D_px,EXP1,EXP2_minus_D_px_only,0.7244,0.7256,0.0012,0.8014,0.8002,-0.0012,0.0066,no meaningful change (within CV std)
Remove all 4 weak features together (EXP2 vs EXP1),,"eccentricity,dark_fraction_pc,bluegray_fraction_pc,D_px",EXP1,EXP2,0.7244,0.7297,0.0053,0.8014,0.8019,0.0005,0.0066,no meaningful change (within CV std)
Drop D_px_normalized only (keep lesion_fraction),,D_px_normalized,EXP3A,EXP3B,0.7297,0.726,-0.0037,0.8019,0.7996,-0.0023,0.0108,no meaningful change (within CV std)
Drop lesion_fraction only (keep D_px_normalized),,lesion_fraction,EXP3A,EXP3C,0.7297,0.7325,0.0028,0.8019,0.8031,0.0012,0.0108,no meaningful change (within CV std)
Drop both lesion_fraction and D_px_normalized,,"lesion_fraction,D_px_normalized",EXP3A,EXP3D,0.7297,0.6992,-0.0305,0.8019,0.7654,-0.0365,0.0108,hurt
Replace color_entropy_pc with entropy_L/a/b (channel-specific only),"entropy_L,entropy_a,entropy_b",color_entropy_pc,EXP4a,EXP4b,0.7325,0.7344,0.0019,0.8031,0.8016,-0.0015,0.0135,no meaningful change (within CV std)
Add entropy_L/a/b alongside existing color_entropy_pc,"entropy_L,entropy_a,entropy_b",,EXP4a,EXP4c,0.7325,0.733,0.0005,0.8031,0.802,-0.0011,0.0135,no meaningful change (within CV std)
Add red_fraction_pc alone on top of best entropy config (no other fraction feats),red_fraction_pc,,EXP4_frac_none,EXP4_frac_red,0.7323,0.7344,0.0021,0.8016,0.8016,0.0,0.01,no meaningful change (within CV std)
Add bluegray_fraction_pc alone on top of best entropy config (no other fraction feats),bluegray_fraction_pc,,EXP4_frac_none,EXP4_frac_bluegray,0.7323,0.73,-0.0023,0.8016,0.8005,-0.0011,0.01,no meaningful change (within CV std)
Add dark_fraction_pc alone on top of best entropy config (no other fraction feats),dark_fraction_pc,,EXP4_frac_none,EXP4_frac_dark,0.7323,0.7326,0.0003,0.8016,0.8012,-0.0004,0.01,no meaningful change (within CV std)
Add all 3 fraction features (red+bluegray+dark) together on top of best entropy config,"red_fraction_pc,bluegray_fraction_pc,dark_fraction_pc",,EXP4_frac_none,EXP4_frac_red+bluegray+dark,0.7323,0.7331,0.0008,0.8016,0.8005,-0.0011,0.01,no meaningful change (within CV std)
Remove red_fraction_pc alone from the all-3-present state,,red_fraction_pc,EXP4_frac_red+bluegray+dark,EXP4_frac_bluegray+dark,0.7331,0.73,-0.0031,0.8005,0.8003,-0.0002,0.0069,no meaningful change (within CV std)
Remove bluegray_fraction_pc alone from the all-3-present state,,bluegray_fraction_pc,EXP4_frac_red+bluegray+dark,EXP4_frac_red+dark,0.7331,0.7344,0.0013,0.8005,0.8015,0.001,0.0069,no meaningful change (within CV std)
Remove dark_fraction_pc alone from the all-3-present state,,dark_fraction_pc,EXP4_frac_red+bluegray+dark,EXP4_frac_red+bluegray,0.7331,0.7331,0.0,0.8005,0.8006,0.0001,0.0069,no meaningful change (within CV std)
Replace A_value_pc (single) with asymmetry_major_axis + asymmetry_minor_axis (two features),"asymmetry_major_axis,asymmetry_minor_axis",A_value_pc,EXP5_single_A_value_pc,EXP5_split_major_minor,0.7344,0.729,-0.0054,0.8016,0.8017,0.0001,0.0096,no meaningful change (within CV std)
Add border_fractal_dimension to best EXP5 config,border_fractal_dimension,,EXP6_without_fractal,EXP6_with_fractal,0.7344,0.7278,-0.0066,0.8016,0.8012,-0.0004,0.0096,no meaningful change (within CV std)
